id,no,X,Y,Z,size,height,diameter
1,M1-S1-001-1,128.9066406,35.16002251,0,1300mm,1.28m,300
2,M1-S1-001-2,128.9066491,35.16012473,0,1300mm,1.20m,300
3,M1-S1-002-1,128.9064799,35.15954741,0,1300mm,1.22m,200
4,M1-S1-003-1,128.9062609,35.15955975,0,1300mm,1.23m,200
5,M1-S1-004-1,128.9063594,35.15955419,0,1300mm,1.29m,200
6,M1-S1-004-2,128.9063189,35.1590686,0,1300mm,1.65m,200
7,M1-S1-005-1,128.9059392,35.15958371,0,1300mm,1.39m,200
8,M1-S1-005-2,128.9058424,35.15917442,0,1300mm,1.61m,200
9,M1-S1-006-1,128.9057667,35.15855757,0,1300mm,1.72m,200
10,M1-S1-007-1,128.9062738,35.15852906,0,1300mm,1.88m,200
11,M1-S1-007-2,128.9062287,35.15798952,0,1300mm,1.89m,200
12,M1-S1-007-3,128.9061746,35.15734151,0,1300mm,1.98m,300
13,M1-S1-007-4,128.9064155,35.15732794,0,1300mm,2.00m,300
14,M1-S1-008-1,128.9057638,35.15841104,0,1300mm,1.23m,200
15,M1-S1-008-2,128.9057364,35.15791878,0,1300mm,1.28m,200
16,M1-S1-009-1,128.9056114,35.15737324,0,1300mm,1.29m,200
17,M1-S1-010-1,128.9061569,35.15712973,0,1300mm,1.23m,200
18,M1-S1-011-1,128.9056878,35.15694678,0,1300mm,1.23m,200
19,M1-S1-012-1,128.9061395,35.15692133,0,1300mm,2.23m,200
20,M1-S1-013-1,128.9056475,35.15655152,0,1300mm,0.98m,200
21,M1-S1-014-1,128.9061064,35.15652567,0,1300mm,2.13m,200
22,M1-S1-015-1,128.9060696,35.15608504,0,1300mm,1.92m,200
23,M1-S1-016-1,128.9054525,35.15611981,0,1300mm,1.87m,200
24,M1-S1-017-1,128.9058255,35.15566513,0,1300mm,1.23m,200
25,M1-S1-018-1,128.9054305,35.15568738,0,1300mm,1.90m,200
26,M1-S1-019-1,128.905766,35.15531613,0,1300mm,1.23m,200
27,M1-S1-020-1,128.9053573,35.15533915,0,1300mm,2.01m,200
28,M1-S1-021-1,128.9057559,35.15491917,0,1300mm,1.23m,200
29,M1-S1-022-1,128.9052528,35.15494751,0,1300mm,2.07m,200
30,M1-S1-023-1,128.9059972,35.15547247,0,1300mm,1.23m,200
31,M1-S1-023-2,128.9059585,35.15501866,0,1300mm,1.28m,200
32,M1-S1-024-1,128.9058646,35.1538946,0,1300mm,1.77m,200
33,M1-S1-025-1,128.9059172,35.15452407,0,1300mm,2.02m,200
34,M1-S1-026-1,128.905197,35.15456464,0,1300mm,2.18m,200
35,M1-S1-027-1,128.9056947,35.15416211,0,1300mm,1.23m,200
36,M1-S1-028-1,128.9051308,35.15419388,0,1300mm,2.17m,200
37,M1-S1-029-1,128.9057982,35.15309922,0,1300mm,2.10m,200
38,M1-S1-030-1,128.905853,35.15375567,0,1300mm,2.05m,200
39,M1-S1-031-1,128.9050619,35.15380024,0,1300mm,2.32m,200
40,M1-S1-032-1,128.9056429,35.15336998,0,1300mm,1.23m,200
41,M1-S1-033-1,128.9050085,35.15340572,0,1300mm,2.27m,200
42,M1-S1-034-1,128.9055865,35.15297563,0,1300mm,1.23m,200
43,M1-S1-035-1,128.9049544,35.15301123,0,1300mm,2.32m,200
44,M1-S1-036-1,128.9057727,35.15279348,0,1300mm,1.23m,200
45,M1-S1-037-1,128.9057305,35.15228897,0,1300mm,1.84m,200
46,M1-S1-038-1,128.9057546,35.15257766,0,1300mm,1.80m,200
47,M1-S1-039-1,128.9048867,35.15262655,0,1300mm,2.52m,200
48,M1-S1-040-1,128.9055488,35.15220077,0,1300mm,1.23m,200
49,M1-S1-041-1,128.9048594,35.15223959,0,1300mm,2.58m,200
50,M1-S1-042-1,128.9048832,35.1518046,0,1300mm,3.49m,200
51,M1-S1-043-1,128.9057106,35.15205033,0,1300mm,1.23m,200
52,M1-S1-044-1,128.9056773,35.15176779,0,1300mm,1.23m,200
53,M1-S1-045-1,128.9048909,35.15161233,0,1300mm,4.08m,200
54,M1-S1-046-1,128.9056495,35.15145022,0,1300mm,1.23m,200
55,M1-S1-047-1,128.9055744,35.15055099,0,1300mm,2.07m,200
56,M1-S1-048-1,128.9056067,35.15093766,0,1300mm,1.97m,200
57,M1-S1-049-1,128.9051677,35.15147737,0,1300mm,1.23m,200
58,M1-S1-050-1,128.9050926,35.15057813,0,1300mm,1.23m,200
59,M1-S1-051-1,128.9051249,35.15096481,0,1300mm,2.16m,200
60,M1-S1-052-1,128.9047484,35.15098601,0,1300mm,4.25m,200
61,M1-S1-053-1,128.9046936,35.1509891,0,1300mm,4.31m,200
62,M1-S1-053-2,128.9046797,35.15041853,0,1300mm,4.25m,200
63,M1-S1-054-1,128.904736,35.14980139,0,1300mm,4.51m,200
64,M1-S1-055-1,128.9050749,35.15023447,0,1300mm,1.23m,200
65,M1-S1-056-1,128.9049938,35.14926328,0,1300mm,1.23m,200
66,M1-S1-057-1,128.9050276,35.14966725,0,1300mm,4.49m,200
67,M1-S1-058-1,128.9055456,35.15020703,0,1300mm,1.23m,200
68,M1-S1-059-1,128.9054645,35.14923584,0,1300mm,1.23m,200
69,M1-S1-060-1,128.9054983,35.14964051,0,1300mm,4.45m,200
70,M1-S1-061-1,128.905772,35.14962508,0,1300mm,4.81m,200
71,M1-S1-062-1,128.9057241,35.14905177,0,1300mm,4.74m,200
72,M1-S1-063-1,128.9056851,35.14858416,0,1300mm,4.69m,300
73,M1-S1-063-2,128.9061942,35.14855547,0,1300mm,5.06m,300
74,M1-S1-063-3,128.9068511,35.14851845,0,1300mm,5.29m,300
75,M1-S1-063-4,128.907508,35.14848143,0,1300mm,5.23m,300
76,M1-S1-063-5,128.9081649,35.14844441,0,1300mm,5.12m,300
77,M1-S1-064-1,128.9068298,35.16011456,0,1300mm,1.09m,300
78,M1-S1-064-2,128.9071981,35.16009379,0,1300mm,1.41m,300
79,M1-S1-064-3,128.9078551,35.16005678,0,1300mm,1.64m,300
80,M1-S1-064-4,128.9085121,35.16001975,0,1300mm,1.44m,300
81,M1-S1-064-5,128.9091293,35.15998497,0,1300mm,1.31m,300
82,M1-S1-065-1,128.9098,35.15994716,0,1300mm,1.62m,300
83,M1-S1-065-2,128.9097467,35.1593098,0,1300mm,1.85m,300
84,M1-S1-065-3,128.9096933,35.15867134,0,1300mm,2.34m,300
85,M1-S1-065-4,128.9096415,35.15805087,0,1300mm,2.27m,300
86,M1-S1-065-5,128.9095964,35.15751132,0,1300mm,2.15m,300
87,M1-S1-066-1,128.9186814,35.15912626,0,1300mm,1.34m,300
88,M1-S1-066-2,128.9180557,35.15927729,0,1300mm,1.55m,300
89,M1-S1-066-3,128.9173194,35.15941694,0,1300mm,1.46m,300
90,M1-S1-067-1,128.9165636,35.15951925,0,1300mm,1.34m,300
91,M1-S1-067-2,128.9160233,35.15956761,0,1300mm,1.28m,300
92,M1-S1-067-3,128.9154779,35.15959985,0,1300mm,1.45m,300
93,M1-S1-067-4,128.914821,35.15963691,0,1300mm,1.70m,300
94,M1-S1-068-1,128.914164,35.15967397,0,1300mm,2.26m,300
95,M1-S1-068-2,128.913726,35.15969868,0,1300mm,2.22m,300
96,M1-S1-068-3,128.913069,35.15973573,0,1300mm,2.11m,300
97,M1-S1-069-1,128.912412,35.15977278,0,1300mm,2.13m,300
98,M1-S1-069-2,128.911755,35.15980983,0,1300mm,2.37m,300
99,M1-S1-069-3,128.9109907,35.15985292,0,1300mm,2.34m,300
100,M1-S1-070-1,128.9102083,35.15989704,0,1300mm,2.27m,300
101,M1-S1-070-2,128.9101536,35.15924169,0,1300mm,2.71m,300
102,M1-S1-071-1,128.9100972,35.15856726,0,1300mm,2.97m,300
103,M1-S1-071-2,128.9100521,35.15802771,0,1300mm,2.88m,300
104,M1-S1-071-3,128.910007,35.15748817,0,1300mm,2.77m,300
105,M1-S1-071-4,128.9099798,35.15716318,0,1300mm,3.87m,300
106,M1-S1-072-1,128.9129221,35.15589215,0,1300mm,1.89m,300
107,M1-S1-072-2,128.9130558,35.15642394,0,1300mm,1.99m,300
108,M1-S1-073-1,128.913175,35.15682038,0,1300mm,2.90m,300
109,M1-S1-073-2,128.9123889,35.15686472,0,1300mm,3.06m,300
110,M1-S1-073-3,128.9117319,35.15690177,0,1300mm,3.19m,300
111,M1-S1-074-1,128.9103996,35.15603275,0,1300mm,1.34m,300
112,M1-S1-075-1,128.9104443,35.15656781,0,1300mm,1.34m,300
113,M1-S1-076-1,128.9109909,35.15599987,0,1300mm,1.34m,300
114,M1-S1-076-2,128.9110356,35.15653446,0,1300mm,1.34m,300
115,M1-S1-077-1,128.9110694,35.15693913,0,1300mm,3.08m,300
116,M1-S1-077-2,128.910522,35.15696999,0,1300mm,3.23m,300
117,M1-S1-078-1,128.9099663,35.15700132,0,1300mm,4.07m,400
118,M1-S1-078-2,128.9099215,35.15646176,0,1300mm,4.30m,400
119,M1-S1-079-1,128.9098761,35.15592223,0,1300mm,4.48m,400
120,M1-S1-079-2,128.9098416,35.15550985,0,1300mm,4.62m,400
121,M1-S1-079-3,128.9097965,35.15497031,0,1300mm,4.50m,400
122,M1-S1-080-1,128.9120572,35.1542141,0,1300mm,1.34m,300
123,M1-S1-080-2,128.9114879,35.15424621,0,1300mm,1.18m,300
124,M1-S1-081-1,128.9103559,35.15550915,0,1300mm,1.34m,300
125,M1-S1-081-2,128.9103231,35.15511733,0,1300mm,1.49m,300
126,M1-S1-081-3,128.9102892,35.15471133,0,1300mm,1.39m,300
127,M1-S1-083-1,128.9109458,35.15546033,0,1300mm,1.34m,300
128,M1-S1-083-2,128.9109133,35.15507096,0,1300mm,1.49m,300
129,M1-S1-084-1,128.9108804,35.15467799,0,1300mm,2.61m,300
130,M1-S1-085-1,128.9108474,35.15428232,0,1300mm,2.58m,300
131,M1-S1-085-2,128.9103391,35.15431099,0,1300mm,2.74m,300
132,M1-S1-086-1,128.9097442,35.15434452,0,1300mm,4.30m,400
133,M1-S1-086-2,128.9096867,35.1536566,0,1300mm,4.60m,400
134,M1-S1-087-1,128.9096341,35.15302714,0,1300mm,4.89m,400
135,M1-S1-087-2,128.9096011,35.15263228,0,1300mm,4.96m,400
136,M1-S1-087-3,128.909556,35.15209273,0,1300mm,4.85m,400
137,M1-S1-088-1,128.9132011,35.15131764,0,1300mm,1.34m,300
138,M1-S1-088-2,128.912588,35.15135221,0,1300mm,1.58m,300
139,M1-S1-088-3,128.9119311,35.15138926,0,1300mm,1.79m,300
140,M1-S1-089-1,128.9112273,35.15142895,0,1300mm,1.70m,300
141,M1-S1-089-2,128.9106172,35.15146335,0,1300mm,2.22m,300
142,M1-S1-089-3,128.9099603,35.15150038,0,1300mm,2.79m,300
146,M1-S1-092-1,128.9112606,35.15126445,0,1300mm,1.46m,300
147,M1-S1-092-2,128.9106037,35.15130149,0,1300mm,2.11m,300
148,M1-S1-092-3,128.9099468,35.15133853,0,1300mm,2.76m,300
150,M1-S1-093-2,128.9094474,35.15079297,0,1300mm,5.04m,500
151,M1-S1-093-3,128.9093997,35.15022231,0,1300mm,5.17m,500
152,M1-S1-094-1,128.9093497,35.14962395,0,1300mm,5.08m,500
153,M1-S1-094-2,128.9093005,35.14903532,0,1300mm,4.69m,500
154,M1-S1-095-1,128.9121584,35.14843606,0,1300mm,1.95m,300
155,M1-S1-095-2,128.9114674,35.14847504,0,1300mm,1.64m,300
156,M1-S1-095-3,128.9108105,35.14851209,0,1300mm,1.61m,300
157,M1-S1-095-4,128.9100442,35.1485553,0,1300mm,1.61m,300
159,M1-S1-096-2,128.9092103,35.14795624,0,1300mm,4.75m,500
160,M1-S1-096-3,128.9091559,35.14730437,-1.82,1300mm,5.13m,500
161,M1-S1-097-1,128.9077912,35.15713748,0,1300mm,1.34m,300
162,M1-S1-097-2,128.9082292,35.15711279,0,1300mm,1.64m,300
163,M1-S1-097-3,128.9088861,35.15707576,0,1300mm,1.99m,300
164,M1-S1-098-1,128.9095568,35.15703796,0,1300mm,3.94m,300
165,M1-S1-098-2,128.909508,35.15645345,0,1300mm,4.01m,300
166,M1-S1-099-1,128.9094611,35.15589269,0,1300mm,4.51m,300
167,M1-S1-099-2,128.909431,35.155533,0,1300mm,4.58m,300
168,M1-S1-099-3,128.9093859,35.15499345,0,1300mm,4.49m,300
169,M1-S1-100-1,128.9075998,35.15445184,0,1300mm,1.34m,300
170,M1-S1-100-2,128.9082239,35.15441666,0,1300mm,1.46m,300
171,M1-S1-100-3,128.9086619,35.15439198,0,1300mm,2.55m,300
172,M1-S1-101-1,128.9093325,35.15435418,0,1300mm,4.43m,400
173,M1-S1-101-2,128.9092761,35.15367975,0,1300mm,4.74m,400
174,M1-S1-102-1,128.9092235,35.15305028,0,1300mm,5.03m,400
175,M1-S1-102-2,128.9091905,35.15265543,0,1300mm,5.11m,400
176,M1-S1-102-3,128.9091455,35.15211587,0,1300mm,4.99m,400
177,M1-S1-103-1,128.9069811,35.15165477,0,1300mm,1.34m,300
178,M1-S1-103-2,128.9076597,35.15161651,0,1300mm,2.08m,300
179,M1-S1-103-3,128.9084263,35.15157331,0,1300mm,2.73m,300
180,M1-S1-104-1,128.909097,35.15153551,0,1300mm,4.83m,400
181,M1-S1-105-1,128.9073859,35.15149644,0,1300mm,1.34m,300
182,M1-S1-105-2,128.9079771,35.15146311,0,1300mm,2.10m,300
183,M1-S1-105-3,128.9085246,35.15143225,0,1300mm,2.70m,300
184,M1-S1-106-1,128.9090857,35.15140062,0,1300mm,4.82m,500
185,M1-S1-106-2,128.9090368,35.15081612,0,1300mm,5.13m,500
186,M1-S1-106-3,128.9089891,35.15024546,0,1300mm,5.31m,500
187,M1-S1-107-1,128.9089391,35.14964711,0,1300mm,5.25m,500
188,M1-S1-107-2,128.9088903,35.1490626,0,1300mm,4.83m,500
190,M1-S1-108-2,128.9087848,35.14779953,0,1300mm,5.36m,500
191,M1-S1-108-3,128.9087397,35.14725999,-2.37,1300mm,5.66m,500
192,M1-S1-108-4,128.908689,35.14665308,-2.41,1300mm,5.62m,500
193,M1-S1-108-5,128.9086485,35.14616906,-2.44,1300mm,5.79m,500
194,M1-S1-108-6,128.9086044,35.14564135,-2.47,1300mm,5.69m,500
195,M1-S1-109-1,128.9064174,35.15735042,0,1300mm,2.79m,300
196,M1-S1-109-2,128.9069265,35.15732173,0,1300mm,2.98m,300
197,M1-S1-109-3,128.9075835,35.1572847,0,1300mm,3.24m,300
198,M1-S1-109-4,128.9082405,35.15724768,0,1300mm,3.33m,300
199,M1-S1-109-5,128.9088974,35.15721065,0,1300mm,3.23m,300
200,M1-S1-110-1,128.9095681,35.15717285,0,1300mm,3.86m,300
201,M1-S1-111-1,128.9122377,35.15703587,0,1300mm,1.34m,300
202,M1-S1-111-2,128.9115264,35.15707599,0,1300mm,1.77m,300
203,M1-S1-111-3,128.91076,35.1571192,0,1300mm,2.15m,300
204,M1-S1-112-1,128.9120449,35.14574806,2.42,1300mm,1.34m,300
205,M1-S1-112-2,128.9120773,35.14613473,2.35,1300mm,1.49m,300
206,M1-S1-114-1,128.91194,35.14449245,2.36,1300mm,1.34m,300
207,M1-S1-114-2,128.9118871,35.14385966,2.28,1300mm,1.51m,300
208,M1-S1-115-1,128.9108152,35.14455354,3.14,1300mm,1.34m,300
209,M1-S1-115-2,128.9107625,35.14392309,3.06,1300mm,1.26m,300
210,M1-S1-116-1,128.9107079,35.14326984,2.96,1300mm,1.34m,300
211,M1-S1-116-2,128.9112142,35.14324129,2.8,1300mm,1.40m,300
212,M1-S1-117-1,128.9118325,35.14320642,2.19,1300mm,1.76m,300
213,M1-S1-118-1,128.9118323,35.14252072,2.1,1300mm,1.87m,300
214,M1-S1-118-2,128.9119463,35.14214221,1.05,1300mm,2.84m,300
408,M1-S1-118-3,128.9121779,35.14174664,-2.14,1300mm,5.88m,300
217,M1-S1-121-1,128.9120884,35.1400386,2.58,1300mm,1.34m,300
218,M1-S1-121-2,128.9125939,35.14045154,0.89,1300mm,2.72m,300
219,M1-S1-121-3,128.9129201,35.14071801,-2.2,1300mm,5.68m,300
221,M1-S1-123-1,128.9152805,35.13778385,2.37,1300mm,1.95m,300
222,M1-S1-123-2,128.9148634,35.13831629,2.29,1300mm,1.74m,300
223,M1-S1-124-1,128.9144529,35.13884038,0.78,1300mm,2.87m,300
224,M1-S1-124-2,128.914151,35.13922591,0.46,1300mm,3.12m,300
225,M1-S1-124-3,128.9137947,35.13968071,0.09,1300mm,3.56m,300
226,M1-S1-124-4,128.9135029,35.1400533,-2.22,1300mm,5.91m,300
229,M1-S1-126-1,128.9106243,35.14108596,2.88,1300mm,1.34m,300
230,M1-S1-127-1,128.9105928,35.14070905,1.88,1300mm,2.49m,300
231,M1-S1-127-2,128.9106087,35.14065208,1.88,1300mm,2.32m,300
232,M1-S1-127-3,128.9111337,35.14021845,1.79,1300mm,2.69m,300
233,M1-S1-128-1,128.9116753,35.13977107,1.71,1300mm,2.48m,300
234,M1-S1-128-2,128.9120328,35.13947573,0.64,1300mm,3.89m,300
235,M1-S1-128-3,128.9123357,35.13922557,-2.27,1300mm,6.87m,300
237,M1-S1-130-1,128.914333,35.1375757,3.05,1300mm,1.39m,300
238,M1-S1-130-2,128.9139529,35.13788967,2.91,1300mm,1.35m,300
239,M1-S1-131-1,128.9136229,35.13816233,2.19,1300mm,1.83m,300
240,M1-S1-131-2,128.9132708,35.13845314,0.92,1300mm,3.30m,300
241,M1-S1-131-3,128.912922,35.13874123,-2.33,1300mm,6.72m,300
243,M1-S1-133-1,128.9126164,35.13766431,1.47,1300mm,2.79m,300
244,M1-S1-133-2,128.9121129,35.13808024,-2.38,1300mm,7.19m,300
245,M1-S1-134-1,128.9116028,35.13850155,1.21,1300mm,3.47m,300
246,M1-S1-134-2,128.9120355,35.13814415,-2.38,1300mm,7.20m,300
249,M1-S1-136-1,128.9125959,35.13746325,2.69,1300mm,1.50m,300
250,M1-S1-137-1,128.913436,35.13570795,2.25,1300mm,1.84m,300
251,M1-S1-137-2,128.9126098,35.13575456,2.16,1300mm,1.31m,300
252,M1-S1-137-3,128.9118443,35.13579774,2.08,1300mm,1.64m,300
253,M1-S1-137-4,128.9110773,35.135841,2,1300mm,1.85m,300
254,M1-S1-137-5,128.9102672,35.13588667,1.91,1300mm,1.72m,300
255,M1-S1-138-1,128.9118623,35.13620329,2.43,1300mm,1.34m,300
256,M1-S1-138-2,128.9114487,35.13622662,2.33,1300mm,1.56m,300
257,M1-S1-138-3,128.9107919,35.13626366,2.16,1300mm,1.61m,300
258,M1-S1-138-4,128.9101351,35.1363007,2,1300mm,1.55m,300
259,M1-S1-139-1,128.9095385,35.13633434,0.93,1300mm,2.32m,300
260,M1-S1-140-1,128.9095047,35.13592969,0.87,1300mm,2.57m,300
261,M1-S1-140-2,128.908674,35.13597652,-2.8,1300mm,5.99m,300
262,M1-S1-141-1,128.9121129,35.14656097,0,1300mm,1.38m,300
263,M1-S1-141-2,128.9115478,35.14659284,0,1300mm,1.68m,300
264,M1-S1-141-3,128.9109765,35.14662507,0,1300mm,2.05m,300
265,M1-S1-141-4,128.9104354,35.14665558,0,1300mm,2.80m,300
266,M1-S1-141-5,128.9097785,35.14669262,0,1300mm,2.83m,300
273,M1-S1-144-1,128.9095537,35.14459528,2.66,1300mm,1.34m,300
274,M1-S1-144-2,128.9094972,35.14391859,2.43,1300mm,1.36m,300
275,M1-S1-145-1,128.9094406,35.14324192,1.42,1300mm,2.14m,300
286,M1-S1-151-1,128.9099376,35.139877,3.01,1300mm,1.34m,300
287,M1-S1-151-2,128.9104019,35.13949352,2.3,1300mm,2.24m,300
288,M1-S1-152-1,128.9113939,35.13867413,3.23,1300mm,1.34m,300
289,M1-S1-153-1,128.9109087,35.13907491,1.53,1300mm,2.83m,300
290,M1-S1-154-1,128.9103431,35.13858386,1.44,1300mm,2.38m,300
291,M1-S1-155-1,128.9099118,35.13800812,1.35,1300mm,2.09m,300
292,M1-S1-155-2,128.9096684,35.13741717,-2.53,1300mm,6.09m,300
294,M1-S1-158-1,128.9124584,35.1372177,2.24,1300mm,1.72m,300
295,M1-S1-158-2,128.9119976,35.13724369,1.08,1300mm,3.04m,300
296,M1-S1-158-3,128.9113986,35.13727748,-2.43,1300mm,6.73m,300
297,M1-S1-159-1,128.9111623,35.13819702,2.48,1300mm,1.91m,300
298,M1-S1-159-2,128.9108452,35.13782923,1.08,1300mm,3.09m,300
299,M1-S1-159-3,128.9106123,35.13736615,-2.51,1300mm,6.38m,300
308,M1-S1-165-1,128.9085584,35.14509071,-2.51,1300mm,5.83m,500
309,M1-S1-165-2,128.9085042,35.14444229,-2.55,1300mm,5.74m,500
310,M1-S1-165-3,128.9084541,35.14384287,-2.59,1300mm,5.96m,500
311,M1-S1-166-1,128.9084091,35.14330333,-2.63,1300mm,6.16m,500
312,M1-S1-166-2,128.9083523,35.14262394,-2.67,1300mm,6.44m,500
313,M1-S1-167-1,128.9082955,35.14194457,-2.72,1300mm,5.99m,500
314,M1-S1-167-2,128.9083294,35.14175745,-2.74,1300mm,6.89m,500
315,M1-S1-168-1,128.9083144,35.1415776,-2.75,1300mm,6.90m,500
316,M1-S1-168-2,128.9082693,35.14103805,-2.79,1300mm,6.60m,500
317,M1-S1-168-3,128.9082242,35.14049851,-2.82,1300mm,6.38m,500
318,M1-S1-169-1,128.9072517,35.14014702,0.35,1300mm,3.17m,300
319,M1-S1-169-2,128.9076896,35.14012234,0.22,1300mm,3.72m,300
336,M1-S1-176-1,128.906608,35.14173665,2.1,1300mm,1.23m,200
337,M1-S1-176-2,128.9059533,35.14177355,1.99,1300mm,1.37m,200
338,M1-S1-177-1,128.9052777,35.14181162,1.86,1300mm,1.30m,200
339,M1-S1-178-1,128.9066083,35.14139693,2.22,1300mm,1.23m,200
340,M1-S1-178-2,128.9059515,35.14143395,2.1,1300mm,1.29m,200
341,M1-S1-179-1,128.9053221,35.14146941,0.92,1300mm,2.28m,200
342,M1-S1-180-1,128.9065517,35.14100621,2.11,1300mm,1.23m,200
343,M1-S1-180-2,128.9059964,35.1410375,2.01,1300mm,1.26m,200
344,M1-S1-181-1,128.9053675,35.14107294,0.83,1300mm,2.36m,200
345,M1-S1-182-1,128.9065145,35.14061439,2.06,1300mm,1.23m,200
346,M1-S1-182-2,128.9060547,35.1406403,1.96,1300mm,1.26m,200
347,M1-S1-183-1,128.9054246,35.14067581,0.74,1300mm,2.31m,200
348,M1-S1-184-1,128.9055038,35.14024553,0.64,1300mm,2.26m,200
349,M1-S1-184-2,128.9060193,35.14021648,0.53,1300mm,2.66m,200
350,M1-S1-184-3,128.9066058,35.14018342,0.41,1300mm,2.61m,200
351,M1-S1-185-1,128.9064495,35.13972124,1.99,1300mm,1.22m,200
352,M1-S1-185-2,128.9060116,35.13974592,1.91,1300mm,1.25m,200
353,M1-S1-186-1,128.9055998,35.13976912,0.25,1300mm,2.87m,200
354,M1-S1-187-1,128.9064238,35.13932877,1.82,1300mm,1.34m,200
355,M1-S1-188-1,128.9056767,35.13937088,0.16,1300mm,2.85m,200
356,M1-S1-189-1,128.9064065,35.13893584,1.74,1300mm,1.23m,200
357,M1-S1-190-1,128.905774,35.13897148,0.07,1300mm,2.79m,200
358,M1-S1-191-1,128.9064131,35.13855839,1.68,1300mm,1.23m,200
359,M1-S1-192-1,128.9058898,35.13855224,-0.03,1300mm,2.93m,200
360,M1-S1-192-2,128.9060078,35.13792951,-0.17,1300mm,3.07m,200
361,M1-S1-193-1,128.9065702,35.13778575,1.79,1300mm,1.23m,200
362,M1-S1-194-1,128.9066115,35.13726731,1.62,1300mm,1.23m,200
363,M1-S1-195-1,128.9061042,35.1372959,-0.31,1300mm,3.02m,200
364,M1-S1-195-2,128.9061207,35.13721365,-0.34,1300mm,3.07m,200
365,M1-S1-195-3,128.9067775,35.13717663,-0.52,1300mm,3.49m,200
366,M1-S1-195-4,128.9074343,35.13713961,-0.7,1300mm,3.88m,200
367,M1-S1-195-5,128.9080911,35.13710259,-0.88,1300mm,4.27m,200
368,M1-S1-196-1,128.9077711,35.13671405,1.92,1300mm,1.23m,200
369,M1-S1-196-2,128.9069492,35.13676039,0.68,1300mm,2.24m,200
370,M1-S1-197-1,128.9061749,35.13680404,-0.42,1300mm,3.11m,200
371,M1-S1-197-2,128.9063078,35.13622736,-0.55,1300mm,3.46m,200
372,M1-S1-197-3,128.9064228,35.13572802,-0.67,1300mm,3.75m,200
373,M1-S1-198-1,128.9065162,35.13532254,-0.76,1300mm,3.99m,200
374,M1-S1-198-2,128.9073151,35.1353087,-0.9,1300mm,4.29m,200
375,M1-S1-199-1,128.9067288,35.13662445,1.67,1300mm,1.23m,200
376,M1-S1-200-1,128.9078096,35.13637761,1.8,1300mm,1.23m,200
377,M1-S1-200-2,128.9073718,35.13640228,1.88,1300mm,1.25m,200
378,M1-S1-201-1,128.9067437,35.13643769,0.78,1300mm,2.18m,200
379,M1-S1-202-1,128.9077647,35.13549256,2.09,1300mm,1.23m,200
380,M1-S1-203-1,128.9077341,35.13587592,1.97,1300mm,1.23m,200
381,M1-S1-204-1,128.9073149,35.13552172,1.28,1300mm,1.90m,200
382,M1-S1-205-1,128.9072631,35.13590247,1.18,1300mm,1.89m,200
383,M1-S1-206-1,128.906857,35.13555234,1.18,1300mm,1.99m,200
384,M1-S1-207-1,128.9067948,35.13592886,0.78,1300mm,2.19m,200
385,M1-S1-208-1,128.9067625,35.13620173,0.68,1300mm,2.43m,200
386,M1-S1-210-1,128.9079642,35.13657594,1.98,1300mm,1.23m,200
387,M1-S1-210-2,128.9079996,35.13613198,1.08,1300mm,2.21m,200
388,M1-S1-210-3,128.9080316,35.13573048,0.78,1300mm,2.57m,200
389,M1-S1-211-1,128.9080663,35.13529569,-1.04,1300mm,4.76m,200
390,M1-S1-211-2,128.9081177,35.13465117,-1.19,1300mm,4.46m,200
391,M1-S1-212-1,128.9081506,35.13423883,-1.28,1300mm,4.43m,200
392,M1-S1-213-1,128.9076453,35.13366194,1.91,1300mm,1.50m,200
393,M1-S1-214-1,128.9076649,35.13405057,1.38,1300mm,1.93m,200
394,M1-S1-215-1,128.9081657,35.13404982,-1.33,1300mm,4.52m,200
395,M1-S1-216-1,128.9071882,35.13343566,1.13,1300mm,2.63m,200
396,M1-S1-216-2,128.9076722,35.13342727,0.61,1300mm,2.82m,200
397,M1-S1-217-1,128.908216,35.13341785,-1.47,1300mm,4.68m,200
398,M1-S1-218-1,128.9071671,35.13307269,1.38,1300mm,2.23m,200
399,M1-S1-218-2,128.9076058,35.13306234,0.79,1300mm,2.48m,200
400,M1-S1-219-1,128.9082457,35.1330463,-1.56,1300mm,4.63m,200
401,M1-S1-220-1,128.9072117,35.13219302,1.16,1300mm,2.64m,200
402,M1-S1-221-1,128.9071366,35.13271128,1.04,1300mm,2.63m,200
403,M1-S1-223-1,128.9076556,35.13219122,1.39,1300mm,2.46m,200
404,M1-S1-224-1,128.9076538,35.13268213,0.94,1300mm,2.77m,200
405,M1-S1-225-1,128.9082775,35.13264697,-1.65,1300mm,5.26m,200
406,M1-S1-226-1,128.9079521,35.13225271,0.46,1300mm,3.59m,200
407,M1-S1-227-1,128.908305,35.13230231,-2.63,1300mm,6.87m,200
143,M2-S1-090-1,128.9095087,35.15152584,0,1700mm,4.78m,500
149,M2-S1-093-1,128.9094951,35.151364,0,1700mm,4.69m,500
158,M2-S1-096-1,128.9092641,35.14859928,0,1700mm,4.67m,500
189,M2-S1-108-1,128.9088355,35.1484066,0,1700mm,5.18m,500
267,M2-S1-142-1,128.9091079,35.1467304,-1.96,1700mm,5.06m,600
268,M2-S1-142-2,128.9090591,35.14614591,-2,1700mm,5.35m,600
269,M2-S1-142-3,128.909015,35.1456182,-2.03,1700mm,5.25m,600
270,M2-S1-143-1,128.9089691,35.14506871,-2.06,1700mm,5.14m,600
271,M2-S1-143-2,128.9089148,35.14441915,-2.1,1700mm,5.29m,600
272,M2-S1-143-3,128.9088647,35.14381973,-2.14,1700mm,5.51m,600
277,M2-S1-146-2,128.908762,35.14259132,-2.24,1700mm,5.77m,600
278,M2-S1-147-1,128.9087048,35.14190569,-2.3,1700mm,5.46m,600
279,M2-S1-147-2,128.9086414,35.14173985,-2.32,1700mm,6.47m,600
280,M2-S1-148-1,128.9086105,35.14137043,-2.35,1700mm,6.14m,600
281,M2-S1-148-2,128.9085569,35.1407278,-2.41,1700mm,6.07m,600
282,M2-S1-149-1,128.9085024,35.14007652,-2.58,1700mm,5.95m,700
283,M2-S1-149-2,128.9084499,35.13940436,-2.62,1700mm,5.94m,700
284,M2-S1-150-1,128.9084318,35.13872963,-2.66,1700mm,5.90m,700
285,M2-S1-150-2,128.9084543,35.13806572,-3,1700mm,6.51m,700
320,M2-S1-170-1,128.9081904,35.14009411,-2.95,1700mm,6.32m,600
321,M2-S1-170-2,128.9081641,35.13977912,-2.97,1700mm,6.45m,600
322,M2-S1-170-3,128.9081286,35.13923468,-3,1700mm,6.51m,600
323,M2-S1-171-1,128.9081192,35.13868882,-3.03,1700mm,6.46m,600
324,M2-S1-171-2,128.9081421,35.13805108,-3.07,1700mm,6.57m,600
325,M2-S1-172-1,128.908191,35.13742091,-3.1,1700mm,6.47m,600
326,M2-S1-172-2,128.9082169,35.1370955,-3.12,1700mm,6.55m,600
327,M2-S1-172-3,128.9082627,35.13652148,-3.15,1700mm,6.52m,600
328,M2-S1-173-1,128.9083044,35.13599862,-3.18,1700mm,6.26m,600
329,M2-S1-173-2,128.908351,35.135414,-3.21,1700mm,6.54m,600
330,M2-S1-173-3,128.9083991,35.13481076,-3.24,1700mm_1700mm,6.39m,600
434,M2-S2-130-2,128.9130194,35.14166075,-4.15,1700mm,8.07m,800
409,M2-S2-130-3,128.9123852,35.14169815,-4.17,1700mm,8.00m,800
144,MH1-S1-091-1,128.9125745,35.15119036,0,1300mm,1.34m,300
145,MH1-S1-091-2,128.9119175,35.15122741,0,1300mm,1.54m,300
412,MH1-S2-095-1,128.9196247,35.1395946,-1.76,1300mm,6.52m,400
413,MH1-S2-095-2,128.9189185,35.13992382,0,1300mm,6.31m,400
414,MH1-S2-095-3,128.9185117,35.14011347,0,1300mm,6.46m,400
415,MH1-S2-095-4,128.9182563,35.14020143,0,1300mm,6.61m,400
416,MH1-S2-095-5,128.9177314,35.14044611,0,1300mm,6.57m,400
417,MH1-S2-095-6,128.9171795,35.14070009,0,1300mm,6.85m,700
418,MH1-S2-118-1,128.9139169,35.15017577,0,1300mm,1.23m,200
419,MH1-S2-118-2,128.9141086,35.14956479,0,1300mm,1.40m,200
420,MH1-S2-118-3,128.9142981,35.14895334,0,1300mm,1.52m,200
421,MH1-S2-119-1,128.914415,35.14831782,0,1300mm,1.93m,200
422,MH1-S2-119-2,128.9149625,35.14828692,0,1300mm,2.09m,200
423,MH1-S2-119-3,128.9155099,35.14825605,0,1300mm,2.17m,200
424,MH1-S2-119-4,128.9160883,35.1482234,0,1300mm,2.11m,200
425,MH1-S2-119-5,128.9163648,35.14824168,0,1300mm,1.99m,200
426,MH1-S2-119-6,128.9166914,35.14822325,0,1300mm,1.95m,200
427,MH1-S2-119-7,128.9169076,35.14817717,0,1300mm,2.03m,200
519,MH1-S2-120-1,128.917608,35.14814946,0,1300mm,4.93m,200
435,MH1-S2-201-1,128.9164758,35.13822158,2.14,1300mm,1.23m,200
436,MH1-S2-201-2,128.9169796,35.13787351,1.98,1300mm,1.67m,200
437,MH1-S2-201-3,128.917485,35.13752689,1.81,1300mm,2.11m,200
438,MH1-S2-202-1,128.9179972,35.13718716,1.58,1300mm,2.53m,200
439,MH1-S2-202-2,128.9183526,35.13764236,1.45,1300mm,2.40m,200
440,MH1-S2-202-3,128.9186825,35.13811033,1.32,1300mm,2.23m,200
441,MH1-S2-203-1,128.9185303,35.13688561,2.66,1300mm,1.23m,200
442,MH1-S2-203-2,128.9188163,35.13724706,2.37,1300mm,1.67m,200
520,MH1-S2-203-3,128.919103,35.13764485,2.06,1300mm,2.20m,200
445,MH1-S2-205-1,128.9192732,35.1384816,2.53,1300mm,1.23m,200
446,MH1-S2-206-1,128.9189979,35.13860975,0.88,1300mm,2.35m,200
447,MH1-S2-206-2,128.9192875,35.13912656,-0.78,1300mm,3.10m,200
448,MH1-S2-207-1,128.9162143,35.13667523,2.75,1300mm,1.23m,200
449,MH1-S2-207-2,128.9158537,35.13704369,2.65,1300mm,1.48m,200
410,MH1-S2-207-3,128.915413,35.13760629,2.4,1300mm,1.95m,300
450,MH1-S2-208-1,128.9174066,35.1359427,3.16,1300mm,1.23m,200
451,MH1-S2-208-2,128.9171634,35.13574777,2.99,1300mm,1.33m,200
452,MH1-S2-208-3,128.9169696,35.13564733,2.89,1300mm,1.36m,200
453,MH1-S2-208-4,128.9167808,35.13561966,2.78,1300mm,1.40m,200
454,MH1-S2-208-5,128.9159597,35.13566492,2.46,1300mm,1.83m,200
455,MH1-S2-208-6,128.9152073,35.13570738,2.09,1300mm,1.77m,200
457,MH1-S2-210-1,128.9143975,35.13566983,3.48,1300mm,1.23m,200
411,MH1-S2-210-2,128.9136747,35.13570495,3.13,1300mm,1.23m,300
458,MH1-S2-211-1,128.9124837,35.13539034,1.96,1300mm,1.60m,200
459,MH1-S2-212-1,128.9129334,35.1353648,1.88,1300mm,1.86m,200
460,MH1-S2-213-1,128.9124522,35.13501266,2.48,1300mm,1.23m,200
461,MH1-S2-214-1,128.9129018,35.13498713,0.98,1300mm,2.95m,200
462,MH1-S2-215-1,128.9124213,35.13464396,1.78,1300mm,2.08m,200
463,MH1-S2-216-1,128.912871,35.13461841,0.68,1300mm,3.44m,200
464,MH1-S2-217-1,128.9128536,35.13440958,0.43,1300mm,3.72m,200
465,MH1-S2-218-1,128.9123524,35.13454816,2.77,1300mm,1.23m,200
466,MH1-S2-219-1,128.9122531,35.13540329,1.38,1300mm,2.17m,200
467,MH1-S2-220-1,128.9114643,35.13544778,0.58,1300mm,3.16m,200
468,MH1-S2-221-1,128.9122215,35.13502566,2.48,1300mm,1.23m,200
469,MH1-S2-222-1,128.9114327,35.13507016,0.48,1300mm,3.39m,200
470,MH1-S2-223-1,128.9121907,35.13465698,2.62,1300mm,1.23m,200
471,MH1-S2-224-1,128.9114019,35.13470148,0.38,1300mm,3.54m,200
472,MH1-S2-227-1,128.912317,35.13412351,0.08,1300mm,4.19m,200
473,MH1-S2-228-1,128.9118424,35.13457692,2.76,1300mm,1.23m,200
474,MH1-S2-229-1,128.9118004,35.13407456,-0.12,1300mm,4.03m,200
475,MH1-S2-230-1,128.9113516,35.13409988,-0.22,1300mm,3.98m,200
476,MH1-S2-231-1,128.9109301,35.13547797,1.08,1300mm,2.68m,200
477,MH1-S2-231-2,128.9108738,35.13480399,0.63,1300mm,3.12m,200
478,MH1-S2-232-1,128.9106472,35.13549392,1.18,1300mm,2.52m,200
479,MH1-S2-232-2,128.9098262,35.13554022,0.94,1300mm,2.63m,200
480,MH1-S2-233-1,128.9090053,35.13558652,0.78,1300mm,2.97m,200
481,MH1-S2-234-1,128.9107777,35.1351071,2.59,1300mm,1.23m,200
482,MH1-S2-234-2,128.9101209,35.13514414,0.81,1300mm,2.78m,200
483,MH1-S2-234-3,128.9094641,35.13518118,0.61,1300mm,3.05m,200
484,MH1-S2-235-1,128.9090357,35.13520493,0.48,1300mm,3.08m,200
485,MH1-S2-236-1,128.9107073,35.13474065,0.64,1300mm,3.04m,200
486,MH1-S2-236-2,128.9098863,35.13478695,0.46,1300mm,3.00m,200
487,MH1-S2-237-1,128.9090653,35.13483325,0.28,1300mm,3.04m,200
488,MH1-S2-238-1,128.9106762,35.13436836,0.68,1300mm,2.89m,200
489,MH1-S2-238-2,128.9098552,35.13441466,0.37,1300mm,2.94m,200
490,MH1-S2-239-1,128.9090953,35.13445751,0.08,1300mm,3.00m,200
491,MH1-S2-240-1,128.9108174,35.13413001,-0.32,1300mm,3.89m,200
492,MH1-S2-240-2,128.9102701,35.13416088,-0.45,1300mm,3.99m,200
493,MH1-S2-240-3,128.9097228,35.13419174,-0.58,1300mm,3.92m,200
494,MH1-S2-241-1,128.9091137,35.13422608,-0.72,1300mm,3.82m,200
495,MH1-S2-242-1,128.9109464,35.13338418,2.6,1300mm,1.23m,200
496,MH1-S2-243-1,128.9110007,35.13402933,0.78,1300mm,2.83m,200
497,MH1-S2-244-1,128.9104903,35.13317656,2.69,1300mm,1.23m,200
498,MH1-S2-244-2,128.9105279,35.13362618,1.97,1300mm,1.70m,200
499,MH1-S2-245-1,128.910564,35.13405395,0.68,1300mm,2.78m,200
500,MH1-S2-245-2,128.9100163,35.13408484,0.34,1300mm,3.02m,200
501,MH1-S2-245-3,128.909469,35.13411571,0,1300mm,3.28m,200
502,MH1-S2-246-1,128.9092656,35.13232075,3.25,1300mm,1.23m,200
503,MH1-S2-247-1,128.9103819,35.13289921,2.85,1300mm,1.23m,200
504,MH1-S2-248-1,128.9098971,35.13290349,3.05,1300mm,1.22m,200
505,MH1-S2-249-1,128.9101196,35.13270285,1.78,1300mm,2.41m,200
506,MH1-S2-250-1,128.9099605,35.1325837,1.68,1300mm,2.57m,200
507,MH1-S2-251-1,128.9092414,35.13262424,1.48,1300mm,2.75m,200
508,MH1-S2-252-1,128.9097709,35.13291061,3.05,1300mm,1.23m,200
509,MH1-S2-253-1,128.9092161,35.13294189,1.18,1300mm,2.78m,200
510,MH1-S2-254-1,128.9104131,35.13310929,1.35,1300mm,2.59m,200
511,MH1-S2-254-2,128.9097564,35.13314633,1.15,1300mm,2.91m,200
512,MH1-S2-255-1,128.9091973,35.13317786,0.98,1300mm,2.78m,200
513,MH1-S2-256-1,128.9103936,35.13347178,1.12,1300mm,2.64m,200
514,MH1-S2-256-2,128.9097369,35.13350882,0.94,1300mm,2.76m,200
515,MH1-S2-257-1,128.9091684,35.13354088,0.78,1300mm,2.67m,200
516,MH1-S2-258-1,128.9104237,35.13383148,0.81,1300mm,2.76m,200
517,MH1-S2-258-2,128.9097669,35.13386852,0.64,1300mm,2.74m,200
518,MH1-S2-259-1,128.9091394,35.1339039,0.48,1300mm,2.66m,200
519,MH1-S2-260-1,128.9091206,35.13413536,-1.62,1300mm,4.78m,200
429,MH2-S2-126-2,128.9163759,35.14101543,0,1700mm,7.16m,800
430,MH2-S2-126-3,128.915762,35.14121041,-4.06,1700mm,7.07m,800
431,MH2-S2-126-4,128.9151338,35.14137209,-4.08,1700mm,7.27m,800
432,MH2-S2-126-5,128.9144941,35.14149977,-4.1,1700mm,7.50m,800
521,PUMP1,128.9194089,35.1381036,1.7,1800mm,3.89m,80
456,PUMP2,128.9148364,35.13568754,3.6,1800mm,4.35m,100
216,SM2-S1-120-1,128.9124842,35.14135376,-4.3,1700mm_1700mm,8.27m,900
228,SM2-S1-125-2,128.912884,35.13960992,-4.39,1700mm_1700mm,8.56m,900
276,SM2-S1-146-1,128.9088193,35.14327694,-2.18,1700mm_1700mm,5.71m,600
303,SM2-S1-162-2,128.9085445,35.13691789,-4.86,1700mm_1700mm,8.32m,1000
304,SM2-S1-162-3,128.9085747,35.13653827,-4.89,1700mm_1700mm,8.27m,1000
306,SM2-S1-163-2,128.9086908,35.13508278,-5.02,1700mm_1700mm,8.26m,1000
307,SM2-S1-164-1,128.9087644,35.13415995,-5.11,1700mm_1700mm,8.30m,1000
332,SM2-S1-174-2,128.9085245,35.13323792,-5.25,1700mm_1700mm,8.36m,1000
334,SM2-S1-175-2,128.9086356,35.13184444,-5.43,1700mm_1700mm,11.46m,1000
335,SM2-S1-175-3,128.9083948,35.13183147,-5.46,1700mm_1700mm,11.63m,1000
215,SM3-S1-119-1,128.9122066,35.14170822,-4.28,1700mm_1900mm,8.05m,900
220,SM3-S1-122-1,128.912958,35.14074895,-4.33,1700mm_1900mm,7.68m,900
227,SM3-S1-125-1,128.9134732,35.14009121,-4.36,1700mm_1900mm,8.01m,900
236,SM3-S1-129-1,128.9123744,35.13919362,-4.41,1700mm_1900mm,9.00m,900
242,SM3-S1-132-1,128.9128833,35.1387732,-4.47,1700mm_1900mm,8.88m,900
247,SM3-S1-135-1,128.9120742,35.1381122,-4.52,1700mm_1900mm,9.34m,900
248,SM3-S1-135-2,128.911721,35.13782011,-4.54,1700mm_1900mm,9.18m,900
293,SM3-S1-158-3,128.9113438,35.13728057,-4.57,1700mm_1900mm,8.87m,900
300,SM3-S1-160-1,128.910598,35.13732263,-4.61,1700mm_1900mm,8.53m,900
301,SM3-S1-161-1,128.9096576,35.13737567,-4.66,1700mm_1900mm,8.19m,900
302,SM3-S1-162-1,128.9085028,35.13744077,-4.82,1700mm_1900mm,7.95m,1000
305,SM3-S1-163-1,128.9086193,35.1359796,-4.94,1700mm_1900mm,8.06m,1000
331,SM3-S1-174-1,128.9084523,35.13414315,-5.14,1700mm_1900mm,8.30m,1000
333,SM3-S1-175-1,128.9085995,35.13229785,-5.37,1700mm_1900mm,10.06m,1000
428,SMH2-S2-126-1,128.9169884,35.14078164,0,1700mm_1700mm,7.13m,800
433,SMH2-S2-130-01,128.9138382,35.14159378,-4.12,1700mm_1700mm,7.79m,800
