startNo,startX,startY,startZ,stopno,stopX,stopY,stopZ,diameter,,,,
BM 991,128.9083672,35.13934542,0.41,BM 991_1,128.9084127,35.13995652,0.31,1500_1800,,,,
BM 991_1,128.9084127,35.13995652,0.31,BM 991_2,128.9083698,35.14000285,0.3,1500_1800,,,,
BM 991_2,128.9083698,35.14000285,0.3,BM 991_3,128.9083572,35.1400165,0.3,1500_1800,,,,
BM1,128.9193177,35.15908554,0,BM1_1,128.9192699,35.15893169,0,2500_1800,,,,
BM10,128.9083181,35.13684788,0.09,BM741,128.9066582,35.13694422,0.75,3000_1800,,,,
BM10,128.9083181,35.13684788,0.09,bm10-1,128.9083404,35.13685021,0.09,3000_1800,,,,
bm10-1,128.9083404,35.13685021,0.09,bm10-2,128.908473,35.13684072,0.09,2500_1800,,,,
BM101,128.9082895,35.13682413,1.23,BM742,128.9066169,35.13692127,0.74,3000_1800,,,,
BM101,128.9082895,35.13682413,1.23,bm101-1,128.9083379,35.13682106,1.23,3000_1800,,,,
bm101-1,128.9083379,35.13682106,1.23,bm101-2,128.9084709,35.13681554,1.23,2500_1800,,,,
BM11,128.9085897,35.14167954,0,BM11_1,128.9085884,35.14166332,0,1500_1800,,,,
BM11_1,128.9085884,35.14166332,0,BM11_2,128.9085471,35.14156449,0,1500_1800,,,,
BM11_2,128.9085471,35.14156449,0,BM11_3,128.9084255,35.140109,0,1500_1800,,,,
BM11_3,128.9084255,35.140109,0,BM11_4,128.9083725,35.14006561,0,1500_1800,,,,
BM11_4,128.9083725,35.14006561,0,BM11_5,128.9083577,35.14005351,0,1500_1800,,,,
BM12,128.9084272,35.13738913,0,BM12_1,128.9084667,35.13689347,0,2000_1800,,,,
BM12_1,128.9084667,35.13689347,0,BM12_2,128.9084376,35.13686965,0,2000_1800,,,,
BM12_2,128.9084376,35.13686965,0,BM12_3,128.9084228,35.13685755,0,2000_1800,,,,
BM14,128.908419,35.14003154,0.3,BM17,128.9082657,35.14004018,0.29,3500_1800,,,,
BM16,128.9083715,35.14170052,0.36,BM16_1,128.9083694,35.14167567,0.36,1500_1800,,,,
BM16_1,128.9083694,35.14167567,0.36,BM16_2,128.9083938,35.14157314,0.36,1500_1800,,,,
BM16_2,128.9083938,35.14157314,0.36,BM16_3,128.9082724,35.14012015,0.29,1500_1800,,,,
BM16_3,128.9082724,35.14012015,0.29,BM16_4,128.9082165,35.14007441,0.29,1500_1800,,,,
BM16_4,128.9082165,35.14007441,0.29,BM16_5,128.9082018,35.14006231,0.29,1500_1800,,,,
BM17,128.9082657,35.14004018,0.29,BM17-1,128.9066346,35.14013214,0.18,3500_1800,,,,
BM17-1,128.9066346,35.14013214,0.18,BM24,128.9054795,35.14019725,0.13,3500_1800,,,,
BM18,128.9062843,35.13618351,0.09,BM8,128.9061346,35.13683342,0.06,2000_1800,,,,
BM19,128.9064888,35.13529597,0.24,BM18,128.9062843,35.13618351,0.2,1500_1800,,,,
BM2,128.9178611,35.15937389,0,BM2_1,128.9192527,35.15901904,0,2000_1800,,,,
BM2_1,128.9192527,35.15901904,0,BM2_2,128.9192613,35.15900544,0,2000_1800,,,,
BM2_2,128.9192613,35.15900544,0,BM2_3,128.9192707,35.15899064,0,2000_1800,,,,
BM24,128.9054795,35.14019724,0.13,BM24_1,128.9053376,35.14009271,0.1,3500_1800,,,,
BM25,128.9053956,35.14065038,0.25,BM24,128.9054795,35.14019725,0.2,2500_1800,,,,
BM26,128.9085334,35.13605671,0.15,BM26_1,128.9084772,35.13676151,0.12,2500_1800,,,,
BM26_1,128.9084772,35.13676151,0.12,BM26_2,128.9084255,35.1368041,0.1,2500_1800,,,,
BM27,128.9086101,35.13509488,0.18,BM26,128.9085334,35.13605671,0.15,2500_1800,,,,
BM28,128.908681,35.13420528,0.2,BM27,128.9086101,35.13509488,0.18,2500_1800,,,,
BM29,128.9086526,35.14506399,0.39,BM43,128.9087906,35.14671507,0,1500_1800,,,,
BM3,128.9143879,35.1597156,0,BM4-1,128.9161383,35.1596134,0,2000_1800,,,,
BM30,128.9124724,35.14146055,0.48,BM36,128.9123688,35.14159288,0.46,2500_1800@2,,,,
BM31,128.9123123,35.14827968,0,BM472,128.9104864,35.14838267,0,3000_1800,,,,
BM311,128.9122929,35.14831059,0,BM471,128.9104686,35.14843247,0,3000_1800,,,,
BM312,128.9122433,35.1483633,0,BM47,128.9104492,35.14846338,0,3000_1800,,,,
BM32,128.9120543,35.14484504,0.32,BM33,128.9122015,35.14660567,0.25,2500_1800,,,,
BM321,128.9120083,35.14487384,0.32,BM331,128.9121548,35.14662637,0.25,2500_1800,,,,
BM33,128.9122015,35.14660567,0,BM33_1,128.9123287,35.14823202,0,2500_1800,,,,
BM33_1,128.9123287,35.14823202,0,BM33_2,128.9122836,35.14827453,0,2500_1800,,,,
BM331,128.9121548,35.14662637,0,BM331_1,128.9122972,35.14822332,0,2500_1800,,,,
BM331_1,128.9122972,35.14822332,0,BM331_2,128.9122403,35.14827697,0,2500_1800,,,,
BM34,128.9119127,35.14315219,0.37,BM32,128.9120543,35.14484504,0.37,2500_1800,,,,
BM341,128.9118668,35.14318098,0.32,BM321,128.9120083,35.14487384,0.32,2500_1800,,,,
BM35,128.9122688,35.1417205,0.45,BM34,128.9119127,35.14315219,0.37,2500_1800,,,,
BM35,128.9122688,35.1417205,0.45,BM341,128.9118503,35.14318097,0.37,2500_1800,,,,
BM36,128.9123688,35.14159288,0.46,BM35,128.9122688,35.1417205,0.45,2500_1800@2,,,,
BM37,128.9129685,35.14082728,0.55,BM30,128.9124724,35.14146055,0.48,2000_1800@2,,,,
BM38,128.9134836,35.14016953,0.59,BM37,128.9129685,35.14082728,0.55,2000_1800@2,,,,
BM381,128.9136081,35.14001067,0.6,BM38,128.9134836,35.14016953,0.59,3500_1800,,,,
BM39,128.9139347,35.13959372,0.62,BM381,128.9136081,35.14001067,0.6,3500_1800,,,,
BM4,128.9090415,35.13418494,0.22,BM4_1,128.9087239,35.13420286,0.21,2000_1800,,,,
BM4_1,128.9087239,35.13420286,0.21,BM4_2,128.9087107,35.13421371,0.21,2000_1800,,,,
BM4_2,128.9087107,35.13421371,0.21,BM4_3,128.9086964,35.13422548,0.21,2000_1800,,,,
BM40,128.9144634,35.1389187,0.66,BM39,128.9139347,35.13959372,0.62,3500_1800,,,,
BM41,128.9153825,35.13774512,0.72,BM40,128.9144634,35.1389187,0.66,3000_1800,,,,
BM4-1,128.9161383,35.1596134,0,BM2,128.9178611,35.15937389,0,2000_1800,,,,
BM42,128.9090164,35.14678531,0,BM421,128.9090296,35.14694276,0,1500_1800,,,,
BM421,128.9090296,35.14694276,0,BM421_1,128.9091535,35.14842503,0,1500_1800,,,,
BM421_1,128.9091535,35.14842503,0,BM421_2,128.9091376,35.14843998,0,1500_1800,,,,
BM421_2,128.9091376,35.14843998,0,BM421_3,128.9091241,35.14845272,0,1500_1800,,,,
BM43,128.9087906,35.14671508,0,BM43_1,128.9089317,35.14840401,0,2000_1800,,,,
BM43_1,128.9089317,35.14840401,0,BM43_2,128.9089086,35.14842575,0,2000_1800,,,,
BM43_2,128.9089086,35.14842575,0,BM43_3,128.9088915,35.14844189,0,2000_1800,,,,
BM44,128.905873,35.14964659,0,BM44_1,128.9058008,35.1487822,0,1500_1800,,,,
BM44_1,128.9058008,35.1487822,0,BM44_2,128.9057826,35.14876917,0,1500_1800,,,,
BM44_2,128.9057826,35.14876917,0,BM44_3,128.9057671,35.14875806,0,1500_1800,,,,
BM45,128.9089352,35.1484462,0,BM463,128.9072273,35.1485425,0,3500_1800,,,,
BM451,128.9089181,35.14850499,0,BM461,128.9072787,35.14863175,0,3500_1800,,,,
BM451,128.9089181,35.14850499,0,BM462,128.907252,35.14857543,0,3500_1800,,,,
BM452,128.908902,35.14857457,0,BM46,128.9073035,35.14866469,0,3500_1800,,,,
BM46,128.9073035,35.14866468,0,BM75,128.9055791,35.14876188,0,3500_1800,,,,
BM461,128.9072787,35.14863175,0,BM751,128.9055544,35.14872894,0,3500_1800,,,,
BM462,128.907252,35.14857544,0,BM752,128.9055277,35.14867262,0,3500_1800,,,,
BM463,128.9072273,35.1485425,0,BM753,128.9055029,35.14863969,0,3500_1800,,,,
BM47,128.9104492,35.14846338,0,BM482,128.9092065,35.14853345,0,3000_1800,,,,
BM471,128.9104686,35.14843247,0,BM481,128.9091822,35.14850501,0,3000_1800,,,,
BM472,128.9104864,35.14838268,0,BM48,128.9091562,35.14845769,0,3000_1800,,,,
BM48,128.9091562,35.14845769,0,BM45,128.9089352,35.1484462,0,3000_1800,,,,
BM481,128.9091822,35.14850501,0,BM451,128.9089181,35.14850499,0,3000_1800,,,,
BM482,128.9092065,35.14853345,0,BM452,128.908902,35.14857457,0,3000_1800,,,,
BM49,128.9061384,35.15282312,0,BM49_1,128.9060458,35.15171461,0,2000_1800,,,,
BM49_1,128.9060458,35.15171461,0,BM49_2,128.9060317,35.15170454,0,2000_1800,,,,
BM49_2,128.9060317,35.15170454,0,BM49_3,128.9060162,35.15169343,0,2000_1800,,,,
BM5,128.9098625,35.13413864,0.26,BM4,128.9090415,35.13418494,0.22,1500_1800,,,,
BM50,128.9062751,35.15445885,0,BM49,128.9061384,35.15282312,0,1500_1800,,,,
BM51,128.9095206,35.15281758,0,BM51_1,128.9094084,35.15147446,0,2000_1800,,,,
BM5-1,128.9176701,35.15949418,0,BM5-1_1,128.9192773,35.15909814,0,2000_1800,,,,
BM51_1,128.9094084,35.15147446,0,BM51_2,128.9093943,35.15146439,0,2000_1800,,,,
BM5-1_1,128.9192773,35.15909814,0,BM5-1_2,128.9192859,35.15908454,0,2000_1800,,,,
BM51_2,128.9093943,35.15146439,0,BM51_3,128.9093788,35.15145328,0,2000_1800,,,,
BM5-1_2,128.9192859,35.15908454,0,BM5-1_3,128.9192953,35.1590697,0,2000_1800,,,,
BM52,128.909642,35.15426904,0,BM51,128.9095206,35.15281758,0,2000_1800,,,,
BM53,128.9101402,35.15424096,0,BM52,128.909642,35.15426904,0,2000_1800,,,,
BM54,128.9109011,35.15419804,0,BM53,128.9101402,35.15424096,0,2000_1800,,,,
BM55,128.9128491,35.15408817,0,BM54,128.9109011,35.15419804,0,1500_1800,,,,
BM56,128.9106107,35.15138246,0,BM56_1,128.90949,35.15144565,0,1500_1800,,,,
BM56_1,128.90949,35.15144565,0,BM56_2,128.9094318,35.15143629,0,1500_1800,,,,
BM56_2,128.9094318,35.15143629,0,BM56_3,128.9094086,35.1514376,0,1500_1800,,,,
BM56_3,128.9094086,35.1514376,0,BM58,128.9091857,35.15144294,0,2500_1800,,,,
BM57,128.9121435,35.151296,0,BM56,128.9106107,35.15138246,0,1500_1800,,,,
BM58,128.9091857,35.15144294,0,BM59,128.9077624,35.15152318,0,2500_1800,,,,
BM581,128.9091671,35.15148374,0,BM591,128.9077438,35.15156398,0,2500_1800,,,,
BM59,128.9077624,35.15152318,0,BM60,128.9062295,35.15160958,0,2500_1800,,,,
BM591,128.9077438,35.15156398,0,BM601,128.9062109,35.15165038,0,2500_1800,,,,
BM6,128.9134723,35.13553527,0.21,BM6_1,128.9132436,35.13447308,0.1,1500_1800,,,,
BM6_1,128.9132436,35.13447308,0.1,BM7,128.9131204,35.13440554,0.09,1500_1800,,,,
BM60,128.9062295,35.15160958,0,BM76,128.904846,35.15168755,0,2500_1800,,,,
BM601,128.9062109,35.15165038,0,BM761,128.90487,35.1517115,0,2500_1800,,,,
BM602,128.9060384,35.1516854,0,BM602_1,128.9045871,35.15175996,0,2500_1800,,,,
BM61,128.9061367,35.15727872,0,BM61_1,128.9052658,35.15733503,0,2500_1800,,,,
BM6-1,128.915928,35.15970968,0,BM5-1,128.9176701,35.15949418,0,1500_1800,,,,
BM611,128.9061181,35.15731953,0,BM611_1,128.9052689,35.15736016,0,2500_1800,,,,
BM62,128.906509,35.15725775,0,BM61,128.9061367,35.15727872,0,2500_1800,,,,
BM621,128.9064904,35.15729855,0,BM611,128.9061181,35.15731953,0,2500_1800,,,,
BM63,128.9091079,35.15715101,0,BM641,128.9077769,35.15722603,0,2500_1800,,,,
BM631,128.9090827,35.15711267,0,BM64,128.9077955,35.15718523,0,2500_1800,,,,
BM64,128.9077955,35.15718523,0,BM62,128.906509,35.15725775,0,2500_1800,,,,
BM641,128.9077769,35.15722603,0,BM621,128.9064904,35.15729855,0,2500_1800,,,,
BM65,128.9096573,35.15708479,0,BM631,128.9090827,35.15711267,0,2000_1800,,,,
BM651,128.9096818,35.15711413,0,BM63,128.9091079,35.157151,0,2000_1800,,,,
BM66,128.9098763,35.15707244,0,BM65,128.9096573,35.15708479,0,2000_1800,,,,
BM661,128.909857,35.15710424,0,BM651,128.9096818,35.15711413,0,2000_1800,,,,
BM67,128.9103758,35.15705963,0,BM661,128.909857,35.15710424,0,3000_1800,,,,
BM67-1,128.9141282,35.1492673,0,BM67-1_1,128.9143481,35.14826348,0,1500_1800,,,,
BM68,128.9111368,35.15701672,0,BM67,128.9103758,35.15705963,0,3000_1800,,,,
BM69,128.9132629,35.15689679,0,BM68,128.9111368,35.15701672,0,3000_1800,,,,
BM7,128.9131204,35.13440554,0.09,BM7_1,128.9128777,35.13427257,0.06,1500_1800,,,,
BM7_1,128.9128777,35.13427257,0.06,BM8-1,128.9128664,35.13421974,0.06,1500_1800,,,,
BM70,128.9080818,35.16013177,0,BM77,128.9065364,35.16021887,0,2500_1800,,,,
BM701,128.9081004,35.16009098,0,BM771,128.9098849,35.16003012,0,2500_1800,,,,
BM71,128.9099035,35.15998931,0,BM701,128.9081004,35.16009098,0,2500_1800,,,,
BM711,128.9098849,35.16003012,0,BM70,128.9080818,35.16013177,0,2500_1800,,,,
BM72,128.9101242,35.1600374,0,BM72_1,128.9100574,35.16004117,0,1500_1800,,,,
BM72_1,128.9100574,35.16004117,0,BM72_2,128.9099963,35.16001661,0,1500_1800,,,,
BM72_2,128.9099963,35.16001661,0,BM72_3,128.9099144,35.16002123,0,1500_1800,,,,
BM73,128.9120952,35.15992625,0,BM72,128.9101242,35.1600374,0,1500_1800,,,,
BM741,128.9066582,35.13694422,0,BM741_1,128.9061278,35.1369752,0,3000_1800,,,,
BM741_1,128.9061278,35.1369752,0,BM741_2,128.9060353,35.13698267,0,3000_1800,,,,
BM741_2,128.9060353,35.13698267,0,BM741_3,128.9055697,35.13723993,0,3000_1800,,,,
BM742,128.9066169,35.13692127,0,BM742_1,128.9061261,35.13694548,0,3000_1800,,,,
BM742_1,128.9061261,35.13694548,0,BM742_2,128.9060213,35.13694913,0,3000_1800,,,,
BM742_2,128.9060213,35.13694913,0,BM742_1,128.9055364,35.1372171,0,3000_1800,,,,
BM75,128.9055791,35.14876188,0,BM75_1,128.9038107,35.14884978,0,3500_1800,,,,
BM751,128.9055544,35.14872894,0,BM751_1,128.9038105,35.14881546,0,3500_1800,,,,
BM752,128.9055277,35.14867262,0,BM752_1,128.9038103,35.14878114,0,3500_1800,,,,
BM753,128.9055029,35.14863969,0,BM753_1,128.9038101,35.14874682,0,3500_1800,,,,
BM76,128.904846,35.15168756,0,BM76_1,128.9045811,35.1517097,0,2500_1800,,,,
BM761,128.90487,35.1517115,0,BM761_1,128.9045841,35.15173483,0,2500_1800,,,,
BM77,128.9065364,35.16021887,0,BM77_1,128.9061575,35.160233,0,2500_1800,,,,
BM77_1,128.9061575,35.160233,0,BM77_2,128.9056603,35.16056273,0,2500_1800,,,,
BM771,128.906555,35.16017807,0,BM771_1,128.9061457,35.16020837,0,2500_1800,,,,
BM771_1,128.9061457,35.16020837,0,BM771_2,128.9056462,35.16053966,0,2500_1800,,,,
BM78,128.9135417,35.13570628,0.25,BM6,128.9134723,35.13553527,0.2,1500_1800,,,,
BM8,128.9061346,35.13683342,0.06,BM8_1,128.9061248,35.13688835,0.06,2000_1800,,,,
BM8_1,128.9061248,35.13688835,0.06,BM8_2,128.9060944,35.13691278,0.05,2000_1800,,,,
BM8_2,128.9060944,35.13691278,0.05,BM8_3,128.9060761,35.13692752,0.04,2000_1800,,,,
BM8-1,128.9128664,35.13421974,0.06,BM8-1_1,128.912806,35.13393529,0,1500_1800,,,,
BM9,128.9084599,35.14275839,0.41,BM16,128.9083715,35.14170052,0.36,1500_1800,,,,
BM9-1,128.9138639,35.14819079,0,BM9-1_1,128.9123828,35.14827435,0,2500_1800,,,,
BM9-1_1,128.9123828,35.14827435,0,BM9-1_2,128.912337,35.1483176,0,2500_1800,,,,
BM9-1_2,128.912337,35.1483176,0,BM9-1_3,128.9123238,35.14831834,0,2500_1800,,,,
M1-1,128.911357,35.13589745,2.27,M1-2,128.9116854,35.13587892,2.13,500,,,,
M1-10,128.9136912,35.1357571,2.05,BM78,128.9135417,35.13570628,1.86,500,,,,
M1-100,128.9088291,35.14454454,1.63,SM2-56,128.9088693,35.14502467,1.52,450,,,,
M1-101,128.9095049,35.14473357,2.5,M2-51,128.9095261,35.14498763,2.44,450,,,,
M1-10-1,128.9108693,35.1350793,1.52,M2-5-1,128.9108384,35.13471061,1.4,500,,,,
M1-102,128.9099641,35.14496294,2.91,M2-51,128.9095261,35.14498763,2.49,500,,,,
M1-103,128.9054379,35.14930972,0,SM3-30,128.9054679,35.14966942,0,450,,,,
M1-104,128.9055092,35.150164,0,SM3-30,128.9054679,35.14966942,0,450,,,,
M1-105,128.9049672,35.14933717,0,SM3-31,128.9049972,35.14969687,0,450,,,,
M1-106,128.9050385,35.15019145,0,SM3-31,128.9049972,35.14969687,0,450,,,,
M1-107,128.9057127,35.15036034,0,M1-108,128.9052747,35.15038502,0,450,,,,
M1-108,128.9052747,35.15038502,0,SM2-65,128.9047127,35.15041669,0,450,,,,
M1-109,128.9048666,35.15154452,0,SM2-66,128.9047235,35.15096043,0,450,,,,
M1-11,128.9098855,35.13513479,2.12,M1-60-1,128.9094477,35.13515949,1.92,450,,,,
M1-1-1,128.9123909,35.13566572,1.7,M2-2,128.9123665,35.1353743,1.51,450,,,,
M1-110,128.90506,35.15058007,0,M2-56,128.90509,35.15093977,0,450,,,,
M1-111,128.9051314,35.15143436,0,M2-56,128.90509,35.15093977,0,450,,,,
M1-112,128.9055417,35.15055293,0,M2-57,128.9055718,35.15091263,0,450,,,,
M1-113,128.9057579,35.15090214,0,M2-57,128.9055718,35.15091263,0,450,,,,
M1-114,128.9056131,35.15140721,0,M2-57,128.9055718,35.15091263,0,450,,,,
M1-115,128.9056559,35.15178827,0,SM4-10,128.9048581,35.15183323,0,450,,,,
M1-116,128.9056746,35.15201215,0,M1-115,128.9056559,35.15178827,0,450,,,,
M1-117,128.9052743,35.15218924,0,SM4-9,128.9048363,35.15221392,0,450,,,,
M1-118,128.9057047,35.15237185,0,M2-58,128.9056875,35.15216595,0,450,,,,
M1-119,128.9058627,35.15215608,0,M2-58,128.9056875,35.15216595,0,450,,,,
M1-12,128.910732,35.13508704,2.13,SM2-6,128.9100144,35.13512752,1.61,450,,,,
M1-120,128.9053475,35.15257361,0,SM4-11,128.904862,35.15260097,0,450,,,,
M1-121,128.9057356,35.15274209,0,M2-59,128.9057198,35.15255263,0,450,,,,
M1-122,128.905895,35.15254276,0,M2-59,128.9057198,35.15255263,0,450,,,,
M1-123,128.9053655,35.15296109,0,SM4-12,128.9049275,35.15298577,0,450,,,,
M1-124,128.9057731,35.1531911,0,M2-60,128.9057521,35.15293931,0,450,,,,
M1-125,128.9059273,35.15292943,0,M2-60,128.9057521,35.15293931,0,450,,,,
M1-126,128.9058032,35.15355079,0,M2-61,128.9057852,35.15333497,0,450,,,,
M1-127,128.9059603,35.1533251,0,M2-61,128.9057852,35.15333497,0,450,,,,
M1-128,128.9058358,35.15394152,0,M2-62,128.9058182,35.15373064,0,450,,,,
M1-129,128.9059934,35.15372077,0,M2-62,128.9058182,35.15373064,0,450,,,,
M1-13,128.9107636,35.13546473,1.94,M2-9-1,128.9105172,35.13547863,1.78,450,,,,
M1-130,128.9058659,35.15430121,0,M2-63,128.9058513,35.15412631,0,450,,,,
M1-131,128.9060265,35.15411644,0,M2-63,128.9058513,35.15412631,0,450,,,,
M1-13-1,128.9198843,35.1588209,0,SM2-6-1,128.919386,35.15897727,0,450,,,,
M1-132,128.9058959,35.15466091,0,M2-64,128.9058809,35.15448106,0,450,,,,
M1-133,128.9060561,35.15447119,0,M2-64,128.9058809,35.15448106,0,450,,,,
M1-134,128.9059145,35.15488325,0,SM2-67,128.9052284,35.15492191,0,450,,,,
M1-135,128.905926,35.15502061,0,M1-134,128.9059145,35.15488325,0,450,,,,
M1-136,128.9059476,35.15527892,0,M2-65,128.905326,35.15531394,0,450,,,,
M1-137,128.9059636,35.15547023,0,M1-136,128.9059476,35.15527892,0,450,,,,
M1-138,128.9054135,35.15577895,0,M2-66,128.9054098,35.15570675,0,450,,,,
M1-139,128.9061558,35.15566469,0,M2-66,128.9054098,35.15570675,0,450,,,,
M1-14,128.9107768,35.13562299,1.87,M1-15-1,128.9105304,35.13563689,1.83,450,,,,
M1-140,128.9063864,35.15579063,0,M2-67,128.9063488,35.15534101,0,450,,,,
M1-141,128.909204,35.15429375,0,SM3-37,128.9088755,35.15431226,0,450,,,,
M1-14-1,128.9203456,35.15867612,0,M1-13-1,128.9198843,35.1588209,0,450,,,,
M1-142,128.9095347,35.15561759,0,M2-69,128.9094783,35.15494315,0,450,,,,
M1-143,128.9096973,35.1549308,0,BM52,128.909642,35.15426905,0,500,,,,
M1-144,128.9097537,35.15560524,0,M1-143,128.9096973,35.1549308,0,450,,,,
M1-145,128.9101627,35.15451073,0,BM53,128.9101402,35.15424096,0,450,,,,
M1-146,128.9102251,35.15466532,0,SM2-72,128.9109368,35.15462518,0,500,,,,
M1-147,128.9102984,35.15554163,0,M1-148,128.9102632,35.15512079,0,450,,,,
M1-148,128.9102632,35.15512079,0,M1-146,128.9102251,35.15466532,0,450,,,,
M1-15,128.9066612,35.13705833,1.43,SM2-13,128.9066468,35.13723822,1.39,450,,,,
M1-150,128.9057223,35.15853318,0,M1-151,128.9057312,35.15825843,0,450,,,,
M1-151,128.9057312,35.15825843,0,M1-152,128.9056836,35.15774172,0,450,,,,
M1-15-1,128.9105304,35.13563689,1.83,M2-9-1,128.9105172,35.13547863,1.78,450,,,,
M1-152,128.9056836,35.15774172,0,M1-152_1,128.905573,35.15735702,0,450,,,,
M1-153,128.9063923,35.15849542,0,M1-150,128.9057223,35.15853318,0,450,,,,
M1-154,128.9061834,35.15783805,0,M1-154_1,128.9061405,35.15732504,0,450,,,,
M1-155,128.9062285,35.15837761,0,M1-154,128.9061834,35.15783805,0,450,,,,
M1-156,128.9065817,35.15812866,0,M2-72,128.9065442,35.15767904,0,500,,,,
M1-157,128.9066193,35.15857829,0,M1-156,128.9065817,35.15812866,0,500,,,,
M1-158,128.9059596,35.1569045,0,M2-73,128.9055217,35.15692918,0,450,,,,
M1-159,128.9059161,35.15650942,0,M2-74,128.9054781,35.1565341,0,450,,,,
M1-16,128.9113058,35.13543413,1.78,M2-11-1,128.9114898,35.13542376,1.53,450,,,,
M1-160,128.9061992,35.15609594,0,M2-75,128.9054318,35.15613918,0,450,,,,
M1-161,128.9054254,35.1560131,0,M2-75,128.9054318,35.15613918,0,450,,,,
M1-162,128.9060932,35.15675897,0,M1-162_1,128.9061361,35.15727198,0,450,,,,
M1-163,128.9060482,35.15621941,0,M1-162,128.9060932,35.15675897,0,450,,,,
M1-165,128.9064052,35.15601544,0,M2-23-1,128.9064352,35.15637514,0,500,,,,
M1-166,128.9090033,35.15584098,0,M2-78,128.9090334,35.15620067,0,500,,,,
M1-167,128.9097828,35.15858509,0,M2-80,128.9097452,35.15813546,0,500,,,,
M1-168,128.9096023,35.15642691,0,BM65,128.9096573,35.15708479,0,450,,,,
M1-169,128.9095497,35.15579743,0,M1-168,128.9096023,35.15642691,0,450,,,,
M1-17,128.9065659,35.13853316,1.45,M2-993,128.9058629,35.13852492,1.25,500,,,,
M1-170,128.9100018,35.15857274,0,M2-82,128.9099642,35.15812312,0,500,,,,
M1-171,128.9098213,35.15641456,0,BM66,128.9098758,35.15706569,0,450,,,,
M1-17-1,128.9111964,35.13544031,2.08,M2-4-1,128.9108734,35.13545696,1.7,450,,,,
M1-172,128.9097687,35.15578508,0,M1-171,128.9098213,35.15641456,0,450,,,,
M1-173,128.9103533,35.15678986,0,BM67,128.9103758,35.15705963,0,450,,,,
M1-174,128.9103886,35.15662072,0,SM2-80,128.9111003,35.15658059,0,450,,,,
M1-175,128.9103548,35.15621606,0,M1-174,128.9103886,35.15662072,0,450,,,,
M1-176,128.9103172,35.15576644,0,M1-175,128.9103548,35.15621606,0,450,,,,
M1-177,128.9110252,35.1556818,0,M2-83,128.9110515,35.15599653,0,450,,,,
M1-178,128.9128471,35.15624404,0,M2-84,128.9130661,35.15623168,0,450,,,,
M1-179,128.9129209,35.15557183,0,M2-84,128.9130661,35.15623168,0,500,,,,
M1-18,128.9065637,35.13871948,1.6,M1-17,128.9065659,35.13853316,1.5,450,,,,
M1-180,128.9060626,35.15981501,0,SM2-83,128.9067196,35.15977799,0,450,,,,
M1-181,128.9062613,35.15877087,0,M1-182,128.9062954,35.15917849,0,450,,,,
M1-18-1,128.9115135,35.13570792,1.6,M2-11-1,128.9114898,35.13542376,1.53,450,,,,
M1-182,128.9062954,35.15917849,0,M2-88,128.9063292,35.15958315,0,450,,,,
M1-183,128.905921,35.15960616,0,M2-88,128.9063292,35.15958315,0,500,,,,
M1-184,128.9058127,35.15919706,0,M1-183,128.905921,35.15960616,0,450,,,,
M1-185,128.9057505,35.15879966,0,M1-184,128.9058127,35.15919706,0,450,,,,
M1-186,128.9097978,35.15876494,0,M2-89,128.9098467,35.15934944,0,500,,,,
M1-187,128.9100168,35.15875259,0,M2-90,128.9100619,35.15929213,0,450,,,,
M1-188,128.9122641,35.13788495,3.04,M1-191,128.9125736,35.1376293,2.75,450,,,284405.0724,191895.4936
M1-189,128.913391,35.13842412,2.56,SM2-88,128.9129726,35.13876975,2.46,500,,,,
M1-19,128.9065648,35.13894481,1.76,M1-22,128.9065747,35.13929319,1.66,450,,,,
M1-190,128.9111278,35.13932374,2.7,SM2-43,128.9108234,35.13907507,2.33,450,,,,
M1-191,128.9125736,35.1376293,2.75,SM2-11,128.9127284,35.13750147,2.6,450,,,,
M1-19-1,128.9114582,35.13504608,1.44,M2-10-1,128.9114274,35.13467739,1.28,450,,,,
M1-198,128.9116096,35.13766068,2.39,M1-62,128.9113435,35.13723085,2.1,450,,,,
M1-199,128.911899,35.1379309,2.6,M1-198,128.9116096,35.13766068,2.39,450,,,,
M1-2,128.9116854,35.13587893,2.13,SM4-1,128.9124036,35.1358384,1.82,500,,,,
M1-20,128.9064813,35.13929845,1.56,M1-21,128.9060866,35.13932071,1.46,450,,,,
M1-20-1,128.9116402,35.13557429,1.69,M1-21-1,128.9118866,35.13556039,1.64,450,,,,
M1-21,128.9060866,35.13932071,1.46,M2-992,128.9056487,35.13934539,1.36,450,,,,
M1-2-1,128.9111366,35.13406678,1.9,SM2-3,128.9113752,35.13405331,1.29,450,,,,
M1-21-1,128.9118866,35.13556039,1.64,M2-12-1,128.9118734,35.13540212,1.6,450,,,,
M1-22,128.9065747,35.13929319,1.66,M1-23,128.9065978,35.13968581,1.26,450,,,,
M1-22-1,128.911627,35.13541602,1.64,M2-12-1,128.9118734,35.13540212,1.6,450,,,,
M1-22-2,128.9098307,35.13292976,2.13,M2-18-1,128.9098502,35.13316357,1.93,450,,,,
M1-23,128.9065978,35.1396858,1.12,BM17-1,128.9066346,35.14013214,0.52,600,,,,
M1-23-1,128.9128985,35.1352762,1.81,M2-14-1,128.9128726,35.13496628,1.64,450,,,,
M1-24,128.9066571,35.14040191,1.78,BM17-1,128.9066346,35.14013214,1.72,450,,,,
M1-24-1,128.9128217,35.13534861,1.86,M2-2,128.9123665,35.1353743,1.51,450,,,,
M1-25,128.9066719,35.14057844,1.79,M2-8,128.9060525,35.14061336,1.59,500,,,,
M1-25-1,128.9115954,35.13503834,1.95,SM2-2,128.9123349,35.13499661,1.38,450,,,,
M1-26,128.9066947,35.14085154,1.93,M1-25,128.9066719,35.14057844,1.86,450,,,,
M1-26-1,128.912494,35.13498763,1.83,M2-14-1,128.9128726,35.13496628,1.64,450,,,,
M1-27,128.9067046,35.14097052,1.91,M2-9,128.9059942,35.14101056,1.7,500,,,,
M1-27-1,128.9124632,35.13461895,1.81,M2-13-1,128.9128418,35.13459759,1.31,450,,,,
M1-28,128.9067247,35.14121123,2.02,M1-27,128.9067046,35.14097052,1.96,450,,,,
M1-28-1,128.9118762,35.13465207,1.63,SM2-1,128.9123041,35.13462792,1.24,450,,,,
M1-29,128.9067374,35.14136259,1.82,M2-10,128.9059493,35.14140701,1.54,500,,,,
M1-29-1,128.9115646,35.13466965,1.91,M1-28-1,128.9118762,35.13465207,1.63,450,,,,
M1-3,128.9114528,35.13627603,2.32,M1-4,128.9118907,35.13625132,2.2,450,,,,
M1-30,128.9067548,35.14157093,1.92,M1-29,128.9067374,35.14136259,1.87,450,,,,
M1-30-1,128.9118667,35.13453935,1.93,SM2-13-1,128.9118245,35.13403442,1.23,450,,,,
M1-31,128.9090339,35.13226438,3.09,M2-15-1,128.9092428,35.13226093,2.71,450,,,,
M1-32,128.9079187,35.13673284,1.67,M2-11,128.9073893,35.13676269,1.58,500,,,,
M1-32-1,128.9102194,35.13274707,2.6,M1-61,128.9105902,35.13302457,2.38,450,,,,
M1-33,128.9079342,35.13653819,1.78,M1-32,128.9079187,35.13673284,1.72,450,,,,
M1-33-1,128.91091,35.133264,2.14,M1-62-1,128.9109405,35.13362874,1.82,500,,,,
M1-34,128.9079498,35.13634259,1.59,M2-12,128.9073695,35.13637531,1.49,500,,,,
M1-34-1,128.9096169,35.13229605,2.88,M1-37-1,128.9101178,35.13267096,2.42,450,,,,
M1-35,128.9079629,35.13617841,1.68,M1-34,128.9079498,35.13634259,1.64,450,,,,
M1-35-1,128.9094906,35.13225686,2.91,M2-15-1,128.9092428,35.13226093,2.71,450,,,,
M1-36,128.9067246,35.13626292,1.52,SM2-21,128.9067127,35.13641234,1.45,450,,,,
M1-36-1,128.9097339,35.13293522,2.72,M2-17-1,128.9091866,35.13296609,1.72,450,,,,
M1-37,128.9068459,35.13544311,1.43,M2-13,128.9067651,35.13590343,1.28,450,,,,
M1-37-1,128.9101178,35.13267096,2.42,M1-22-2,128.9098307,35.13292977,2.13,450,,,,
M1-38,128.9072821,35.13551871,1.5,M2-14,128.9072334,35.13587703,1.4,450,,,,
M1-38-1,128.9097981,35.13257021,2.6,M2-16-1,128.9092156,35.13260307,2.33,450,,,,
M1-39,128.9077032,35.13585054,1.45,M2-14,128.9072334,35.13587703,1.35,500,,,,
M1-39-1,128.9089736,35.13297811,1.76,M2-17-1,128.9091866,35.13296609,1.72,450,,,,
M1-4,128.9118907,35.13625132,2.2,SM4-2,128.9124355,35.13622058,2.06,450,,,,
M1-40,128.9077318,35.13549078,1.8,M1-39,128.9077031,35.13585055,1.7,450,,,,
M1-400,128.9060604,35.1397161,1.69,M2-991,128.9055715,35.13974365,1.59,500,,,,
M1-40-1,128.910519,35.13384864,1.54,SM3-1,128.91054,35.13410043,1.26,450,,,,
M1-41,128.9073943,35.13612094,0.93,SM2-22,128.9067345,35.13615814,0.83,500,,,,
M1-4-1,128.9098152,35.13439429,1.77,SM3-2,128.9090694,35.13443635,1.43,450,,,,
M1-41-1,128.9104648,35.13320118,2.34,M1-42-1,128.9104889,35.13348894,1.94,450,,,,
M1-42,128.9080203,35.13545886,2,M2-15,128.9079701,35.13608847,1.56,500,,,,
M1-42-1,128.9104889,35.13348894,1.94,M1-40-1,128.910519,35.13384864,1.54,450,,,,
M1-43,128.9082372,35.13607341,1.15,M2-15,128.9079701,35.13608847,1.1,450,,,,
M1-43-1,128.910357,35.13313499,2.39,M2-18-1,128.9098502,35.13316357,1.93,450,,,,
M1-44,128.9083139,35.13508617,1.7,SM2-25,128.9080511,35.13507203,1.65,450,,,,
M1-44-1,128.909713,35.13317131,2.49,SM2-10-1,128.9091678,35.13320206,1.59,450,,,,
M1-45,128.9083361,35.13480734,1.68,SM2-26,128.9080733,35.13479321,1.61,450,,,,
M1-46,128.9083848,35.13422198,1.57,M2-16,128.9081177,35.13423704,1.37,450,,,,
M1-46-1,128.9097431,35.13353101,2.26,SM2-11-1,128.9091389,35.13356508,1.43,450,,,,
M1-47,128.9076876,35.13403103,1.66,M2-17,128.9076714,35.13340022,1.53,500,,,,
M1-47-1,128.9103517,35.13349668,2.21,M2-19-1,128.9098803,35.13352327,1.65,450,,,,
M1-48,128.907907,35.13402722,1.75,M1-47,128.9076876,35.13403103,1.71,450,,,,
M1-48-1,128.9103817,35.13385638,2.11,SM2-12,128.9099104,35.13388297,1.49,450,,,,
M1-49,128.9079553,35.1333953,1.64,M2-17,128.9076714,35.13340022,1.58,450,,,,
M1-49-1,128.9097667,35.13389107,1.93,SM3-4,128.9091099,35.13392811,1.33,450,,,,
M1-5,128.9115556,35.13721889,2.55,M1-6,128.9119935,35.13719418,2.41,600,,,,
M1-50,128.9084476,35.13340857,1.8,SM2-29,128.9081849,35.13339443,1.73,450,,,,
M1-500,128.9064983,35.13969142,1.84,M1-400,128.9060604,35.1397161,1.74,450,,,,
M1-50-1,128.9193472,35.13848724,1.88,M1-64-1,128.9192644,35.13854777,1.76,450,,,,
M1-51,128.9084817,35.13300585,1.64,SM3-6,128.9082146,35.13302091,1.59,450,,,,
M1-5-1,128.9106701,35.13434607,2.05,SM2-5,128.9099525,35.13438654,1.24,450,,,,
M1-51-1,128.9183766,35.13685434,1.9,M2-24-1,128.9185108,35.13676549,1.47,450,,,,
M1-52,128.908229,35.13284102,1.64,SM3-6,128.9082146,35.13302091,1.59,450,,,,
M1-52-1,128.9136031,35.14138644,2.09,M1-68-1,128.9130606,35.14142736,1.76,500,,,,
M1-53,128.9076222,35.13229631,2.27,M2-19,128.9076209,35.13265685,2.19,450,,,,
M1-53-1,128.9111898,35.13536117,2.35,M1-59-1,128.9111371,35.13473171,1.93,450,,,,
M1-54,128.9082465,35.13262158,1.88,M2-19,128.9076209,35.13265685,1.78,500,,,,
M1-54-1,128.9112201,35.13572447,2.33,M1-17-1,128.9111964,35.13544031,2.08,450,,,,
M1-55,128.9082577,35.13248124,2.01,M1-54,128.9082465,35.13262158,1.97,450,,,,
M1-55-1,128.9194578,35.13808562,2.7,M1-65-1,128.9194095,35.13798299,2.56,600,,,,
M1-56,128.9073437,35.13206664,1.85,M2-20,128.9071613,35.13223726,1.78,500,,,,
M1-56-1,128.9144432,35.13572404,2.9,M1-63,128.9140049,35.1357432,2.4,500,,,,
M1-57,128.9077543,35.13216647,1.97,M1-56,128.9073437,35.13206664,1.85,500,,,,
M1-57-1,128.9171185,35.13607844,2.49,M2-25,128.9173093,35.1359401,2.22,800,,,,
M1-58,128.9085038,35.1322761,2.26,M1-57,128.9077543,35.13216647,2.02,450,,,,
M1-58-1,128.911092,35.13419216,1.57,M2-42-1,128.9109779,35.13407573,1.47,450,,,,
M1-59,128.9086862,35.13220844,3.48,M2-21,128.908636,35.13283804,1.7,450,,,,
M1-59-1,128.9111372,35.13473171,1.93,M1-58-1,128.911092,35.13419216,1.57,450,,,,
M1-6,128.9119935,35.13719419,2.41,SM3-8,128.9125145,35.13716479,2.25,600,,,,
M1-60,128.9087364,35.13157884,4.79,M1-59,128.9086862,35.13220844,3.5,450,,,,
M1-60-1,128.9094477,35.13515949,1.92,SM2-8,128.9090098,35.13518418,1.72,450,,,,
M1-61,128.9105902,35.13302457,2.38,M1-33-1,128.91091,35.133264,2.19,450,,,,
M1-6-1,128.9100697,35.13578937,1.89,M2-3,128.910046,35.13550521,1.61,450,,,,
M1-62,128.9113435,35.13723085,2.05,SM4-8,128.9105225,35.13727717,1.74,500,,,,
M1-62-1,128.9109405,35.13362874,1.82,M2-42-1,128.9109779,35.13407573,1.42,500,,,,
M1-63,128.9140049,35.1357432,2.4,M1-10,128.9136912,35.1357571,2.05,500,,,,
M1-64,128.9097568,35.13995609,2.27,M2-26,128.9090888,35.13999376,1.43,500,,,,
M1-64-1,128.9192644,35.13854778,1.76,SM2-15,128.9189647,35.13868727,1.4,450,,,,
M1-65,128.9100601,35.14020388,2.54,M1-64,128.9097568,35.13995609,2.32,450,,,,
M1-65-1,128.9194095,35.13798299,2.56,M1-66-1,128.9191981,35.13766704,2.19,600,,,,
M1-66,128.9096669,35.14161879,1.98,M1-67,128.9091196,35.14164966,1.47,500,,,,
M1-66-1,128.9191981,35.13766704,2.19,M1-67-1,128.9188604,35.13720283,1.64,600,,,,
M1-67,128.9091196,35.14164966,1.47,BM11,128.9085897,35.14167954,0.98,500,,,,
M1-67-1,128.9188604,35.13720283,1.64,M2-24-1,128.9185108,35.13676549,1.1,600,,,,
M1-68,128.9096775,35.14174469,2.83,M1-69,128.9088564,35.14179099,1.92,400,,,,
M1-68-1,128.9130606,35.14142736,1.76,M1-86,128.9125748,35.14145477,1.4,500,,,,
M1-69,128.9088564,35.141791,1.92,SM3-16,128.9086002,35.14180544,1.63,450,,,,
M1-7,128.9130275,35.13774583,2.73,SM2-11,128.9127284,35.13750147,2.6,500,,,,
M1-70,128.9094956,35.13654454,1.84,M2-31,128.9094824,35.13638717,1.76,450,,,,
M1-71,128.9103034,35.13634086,1.99,M2-31,128.9094824,35.13638717,1.7,500,,,,
M1-7-1,128.9098464,35.13476657,1.92,SM2-9-1,128.9090395,35.13481208,1.55,450,,,,
M1-72,128.9111244,35.13629455,2.2,M1-71,128.9103034,35.13634086,2.05,450,,,,
M1-73,128.9110833,35.13591289,2.07,M2-32,128.9102623,35.1359592,1.84,500,,,,
M1-74,128.9088323,35.13230662,2.37,M2-34,128.9087547,35.13293621,0.87,500,,,,
M1-75,128.9088825,35.13167702,3.92,M1-74,128.9088323,35.13230663,2.42,450,,,,
M1-77,128.9113624,35.14438716,1.98,SM3-20,128.9114037,35.14488174,1.64,450,,,,
M1-78,128.911321,35.14389257,2.32,M1-77,128.9113624,35.14438716,1.98,450,,,,
M1-79,128.9112834,35.14344295,2.63,M1-78,128.911321,35.14389257,2.32,450,,,,
M1-8,128.9141932,35.13674466,3.2,M2-1,128.9137998,35.13620343,2.01,500,,,,
M1-80,128.910402,35.14493824,2.9,SM3-21,128.9107852,35.14491663,1.97,450,,,,
M1-81,128.9109912,35.14320417,2.57,M1-82,128.9114291,35.14317947,1.94,500,,,,
M1-8-1,128.9107012,35.13471835,2.18,SM2-7,128.9099836,35.13475883,1.41,450,,,,
M1-82,128.9114291,35.14317947,1.94,M1-82_1,128.9118564,35.14315537,1.27,500,,,,
M1-83,128.9101154,35.14171999,2.91,M2-38,128.9107722,35.14168295,2.37,450,,,,
M1-84,128.9101048,35.1415941,2.91,SM3-23,128.9107245,35.14155915,1.92,450,,,,
M1-85,128.9103713,35.14045811,2.99,SM2-48,128.9106516,35.14068702,2.49,450,,,,
M1-86,128.9125748,35.14145477,1.4,BM30,128.9124724,35.14146055,1.33,500,,,,
M1-87,128.9121004,35.14011821,2.25,M2-42,128.9124116,35.14037245,1.93,600,,,,
M1-88,128.911439,35.13957798,2.98,M2-43,128.9117182,35.13980599,2.8,450,,,,
M1-89,128.9121531,35.13944674,2.92,M2-43,128.9117182,35.13980599,2.75,500,,,,
M1-9,128.9142901,35.13768141,2.54,M2-44,128.9139806,35.13793707,2.27,600,,,,
M1-90,128.9135456,35.13927594,2.21,BM39,128.9139347,35.13959372,1.72,450,,,,
M1-91,128.9131566,35.13895815,2.8,M1-90,128.9135456,35.13927594,2.26,450,,,,
M1-9-1,128.9109246,35.13574115,1.77,M2-4-1,128.9108734,35.13545696,1.7,450,,,,
M1-92,128.9133387,35.13800005,2.39,SM2-51,128.9136231,35.13823237,2.17,450,,,,
M1-93,128.9145996,35.13742575,2.81,M1-9,128.9142901,35.13768141,2.55,600,,,,
M1-94,128.9144951,35.13706544,3.08,M1-95,128.9149117,35.13742379,2.45,450,,,,
M1-95,128.9149117,35.13742378,2.45,BM41,128.9153825,35.13774511,1.82,450,,,,
M1-98,128.9103256,35.14698547,0,M2-49,128.9103677,35.14748904,0,500,,,,
M1-99,128.9102728,35.14635306,0,SM3-26,128.9103028,35.14671276,0,450,,,,
M1-991,128.9057474,35.1389459,1.46,M2-992,128.9056487,35.13934539,1.36,450,,,,
M1-992,128.9057741,35.13885444,1.43,M2-993,128.9058629,35.13852492,1.33,450,,,,
M1-993,128.9065738,35.13826889,1.45,M2-5,128.9065954,35.13788792,1.3,500,,,,
M1-994,128.9064787,35.13890468,1.66,M1-991,128.9057474,35.1389459,1.46,450,,,,
M1-995,128.908354,35.13856817,1.48,M2-997,128.9083768,35.13803188,1.18,450,,,,
M2-1,128.9137998,35.13620344,1.91,BM78,128.9135417,35.13570628,1.06,600,,,,
M2-10,128.9059493,35.14140701,1.44,SM4-4,128.9052924,35.14144403,1.24,600,,,,
M2-10-1,128.9114274,35.13467739,1.21,SM2-3,128.9113752,35.13405332,1.09,600,,,,
M2-11,128.9073893,35.13676269,1.48,SM2-20,128.9066816,35.13680259,1.2,600,,,,
M2-11-1,128.9114898,35.13542376,1.53,M1-19-1,128.9114582,35.13504608,1.44,450,,,,
M2-12,128.9073695,35.1363753,1.39,SM2-21,128.9067127,35.13641233,1.3,600,,,,
M2-12-1,128.9118734,35.13540212,1.6,M2-2,128.9123665,35.1353743,1.51,450,,,,
M2-13,128.9067652,35.13590343,0.93,SM2-22,128.9067345,35.13615814,0.83,600,,,,
M2-13-1,128.9128418,35.13459759,1.16,SM4-1-1,128.912822,35.13436097,1.08,600,,,,
M2-14,128.9072334,35.13587703,1.35,M2-13,128.9067651,35.13590343,1.23,500,,,,
M2-14-1,128.9128726,35.13496627,1.64,M2-13-1,128.9128418,35.13459759,1.31,450,,,,
M2-15,128.9079701,35.13608847,1.05,M1-41,128.9073943,35.13612094,0.93,500,,,,
M2-15-1,128.9092428,35.13226094,2.71,M2-16-1,128.9092155,35.13260306,2.33,450,,,,
M2-16,128.9081177,35.13423704,1.37,SM2-26,128.9080733,35.13479321,1.28,600,,,,
M2-16-1,128.9092155,35.13260306,2.28,M2-17-1,128.9091866,35.13296609,1.67,500,,,,
M2-17,128.9076714,35.13340022,1.47,SM4-5,128.906968,35.13341242,1.27,600,,,,
M2-17-1,128.9091866,35.13296609,1.57,SM2-10-1,128.9091678,35.13320206,1.44,600,,,,
M2-18,128.908132,35.13405716,1.68,SM2-29,128.9081849,35.13339443,1.58,600,,,,
M2-18-1,128.9098502,35.13316357,1.88,M2-19-1,128.9098803,35.13352327,1.6,500,,,,
M2-19,128.9076209,35.13265685,1.67,SM2-30,128.9071065,35.13268585,1.6,600,,,,
M2-19-1,128.9098803,35.13352327,1.5,SM2-12,128.9099104,35.13388297,1.34,600,,,,
M2-2,128.9123665,35.1353743,1.36,SM2-2,128.9123349,35.13499661,1.23,600,,,,
M2-20,128.9071613,35.13223727,1.67,SM2-30,128.9071065,35.13268585,1.56,600,,,,
M2-20-1,128.9180458,35.13707379,1.6,M2-23,128.9179015,35.13717529,1.55,700,,,,
M2-21,128.9086361,35.13283805,1.47,M2-211,128.9086143,35.13311141,1.38,700,,,,
M2-2-1,128.9199195,35.15889668,0,SM2-8-1,128.9194213,35.15905304,0,600,,,,
M2-211,128.9086143,35.13311141,1.38,SM2-35,128.9085859,35.13346765,1.26,700,,,,
M2-21-1,128.9136213,35.14151173,1.89,M2-40-1,128.9130712,35.14155325,1.49,800,,,,
M2-22,128.9095144,35.13676935,1.42,SM4-7,128.9095852,35.13733003,1.3,700,,,,
M2-22-1,128.9140896,35.14825937,0,M2-41-1,128.9132138,35.14830879,0,700,,,,
M2-23,128.9179015,35.13717529,1.55,M2-34-1,128.9183173,35.13770727,1.36,700,,,,
M2-23-1,128.9064352,35.15637514,0,M2-76,128.906469,35.1567798,0,600,,,,
M2-24,128.9113357,35.13865191,2.34,SM2-43,128.9108234,35.13907507,2.19,600,,,,
M2-24-1,128.9185108,35.13676558,0.81,M2-36-1,128.9185752,35.13669257,0.73,700,,,,
M2-25,128.9173093,35.1359401,2,M2-32-1,128.9170542,35.13574362,1.79,800,,,,
M2-25-1,128.9110064,35.15545698,0,M2-70,128.9109738,35.15506761,0,600,,,,
M2-26,128.9090888,35.13999377,1.32,BM14,128.908419,35.14003154,0.77,600,,,,
M2-26-1,128.9147844,35.13573904,2.7,M2-29-1,128.9153194,35.13575517,2.33,700,,,,
M2-27,128.908769,35.14382514,1.53,SM3-18,128.9087278,35.14333181,1.45,600,,,,
M2-27-1,128.9160473,35.13542496,0.78,SM2-23-1,128.916006,35.13536132,0.72,1000,,,,
M2-28,128.9088141,35.14436469,1.62,M2-27,128.908769,35.14382514,1.53,600,,,,
M2-28-1,128.9094854,35.13553682,1.79,M2-8-1,128.9089794,35.13556535,1.7,600,,,,
M2-29,128.9094373,35.14392424,1.87,M2-95,128.909396,35.14343065,1.67,800,,,,
M2-29-1,128.9153194,35.13575517,2.33,SM2-18-1,128.9160714,35.13571271,1.82,700,,,,
M2-3,128.910046,35.13550521,1.46,SM2-6,128.9100144,35.13512752,1.36,600,,,,
M2-30,128.9094824,35.1444638,2.16,M2-29,128.9094373,35.14392424,1.97,700,,,,
M2-30-1,128.916633,35.13568101,1.53,SM2-18-1,128.9160714,35.13571271,1.2,800,,,,
M2-31,128.9094824,35.13638717,1.6,SM2-44,128.9094505,35.13600498,1.39,600,,,,
M2-3-1,128.9203809,35.1587519,0,M2-2-1,128.9199195,35.15889668,0,600,,,,
M2-31-1,128.9168519,35.135678,1.66,M2-30-1,128.916633,35.13568101,1.53,800,,,,
M2-32,128.9102623,35.1359592,1.74,SM2-44,128.9094505,35.13600498,1.4,600,,,,
M2-32-1,128.9170542,35.13574362,1.79,M2-31-1,128.9168519,35.135678,1.66,800,,,,
M2-33,128.908732,35.13356584,0.57,BM28,128.908681,35.13420528,0.31,600,,,,
M2-33-1,128.9186452,35.13817618,1.19,SM2-15,128.9189647,35.13868727,1.01,1200,,,,
M2-34,128.9087822,35.13293623,0.76,M2-33,128.908732,35.13356584,0.57,600,,,,
M2-34-1,128.9183173,35.13770727,1.36,M2-33-1,128.9186452,35.13817618,1.19,900,,,,
M2-35,128.9106949,35.14383754,2.33,SM2-45,128.91074,35.14437708,1.84,700,,,,
M2-36,128.9106418,35.14320129,2.54,M2-35,128.9106949,35.14383754,2.33,600,,,,
M2-36-1,128.9185752,35.13669257,0.73,M2-37-1,128.9186395,35.13661956,0.66,700,,,,
M2-37,128.9114291,35.14164589,1.79,SM2-46,128.9120859,35.14160884,1.31,700,,,,
M2-37-1,128.9186395,35.13661956,0.66,M2-37-1_하천,128.9187683,35.13647355,0.51,700,,,,
M2-38,128.9107722,35.14168294,2.22,M2-37,128.9114291,35.14164589,1.89,600,,,,
M2-39,128.9124711,35.14158711,0.89,BM36,128.9123688,35.14159288,0.85,1000,,,,
M2-39-1,128.9159545,35.13528177,0.66,M2-39-1_하천,128.9156875,35.13487021,0.29,1000,,,,
M2-4,128.9066077,35.13772882,1.38,SM2-13,128.9066468,35.13723822,1.26,600,,,,
M2-40,128.9110992,35.1403173,2.57,SM2-48,128.9106516,35.14068702,2.25,700,,,,
M2-40-1,128.9130712,35.14155325,1.38,M2-39,128.9124711,35.14158711,0.89,1000,,,,
M2-41,128.9115634,35.13993382,2.73,M2-40,128.9110992,35.1403173,2.64,600,,,,
M2-4-1,128.9108734,35.13545696,1.7,M1-10-1,128.9108693,35.1350793,1.57,450,,,,
M2-41-1,128.9132138,35.14830879,0,M2-47,128.9124056,35.14835438,0,700,,,,
M2-42,128.9124116,35.14037244,1.73,BM37,128.9129685,35.14082728,1.3,800,,,,
M2-42-1,128.9109779,35.13407573,1.42,SM2-4,128.9107863,35.13408653,1.25,500,,,,
M2-43,128.9117182,35.13980599,2.65,M1-87,128.9121004,35.14011821,2.25,600,,,,
M2-44,128.9139806,35.13793707,2.27,SM2-51,128.9136231,35.13823238,2.02,600,,,,
M2-45,128.915459,35.13779197,1.03,BM41,128.9153825,35.13774511,1,1350,,,,
M2-47,128.9124056,35.14835438,0,M2-47_1,128.9123263,35.14834845,0,600,,,,
M2-48,128.9104083,35.14797464,0,M2-48_1,128.9104421,35.1483784,0,600,,,,
M2-49,128.9103677,35.14748904,0,M2-48,128.9104083,35.14797464,0,600,,,,
M2-5,128.9065954,35.13788792,1.2,SM2-993,128.9059847,35.1378582,0.99,600,,,,
M2-50,128.9117535,35.14663094,0,SM2-54,128.9110966,35.14666799,0,600,,,,
M2-51,128.9095261,35.14498764,2.29,SM2-56,128.9088693,35.14502468,1.59,600,,,,
M2-5-1,128.9108384,35.13471061,1.3,M2-6,128.9108073,35.13433832,1.23,600,,,,
M2-52,128.9093928,35.15128887,1,SM2-59,128.9093553,35.15083924,0,600,,,,
M2-53,128.9091739,35.15130122,0,SM2-62,128.9091363,35.15085159,0,600,,,,
M2-54,128.9059731,35.15084478,0,SM2-63,128.9059281,35.15030524,0,700,,,,
M2-55,128.9060258,35.15147487,0,M2-54,128.9059731,35.15084478,0,600,,,,
M2-56,128.90509,35.15093977,0,SM2-66,128.9047235,35.15096043,0,600,,,,
M2-57,128.9055718,35.15091263,0,M2-56,128.90509,35.15093977,0,500,,,,
M2-58,128.9056875,35.15216595,0,M1-117,128.9052743,35.15218924,0,450,,,,
M2-59,128.9057198,35.15255263,0,M1-120,128.9053475,35.15257361,0,450,,,,
M2-6,128.9108073,35.13433832,1.23,SM2-4,128.9107863,35.13408653,1.15,600,,,,
M2-60,128.9057521,35.15293931,0,M1-123,128.9053655,35.15296109,0,450,,,,
M2-61,128.9057852,35.15333498,0,SM4-13,128.904984,35.15338012,0,450,,,,
M2-62,128.9058182,35.15373064,0,SM3-32,128.905036,35.15377472,0,450,,,,
M2-63,128.9058513,35.15412631,0,SM3-33,128.9051044,35.1541684,0,450,,,,
M2-64,128.9058809,35.15448107,0,SM3-34,128.9051672,35.15452128,0,450,,,,
M2-65,128.905326,35.15531394,0,SM2-67,128.9052284,35.15492192,0,700,,,,
M2-66,128.9054098,35.15570675,0,M2-65,128.905326,35.15531394,0,600,,,,
M2-67,128.9063488,35.15534101,0,SM2-68,128.9063112,35.15489138,0,600,,,,
M2-68,128.9132397,35.15682598,0,M2-68-1,128.9132443,35.15688158,0,600,,,,
M2-69,128.9094783,35.15494315,0,SM2-71,128.909423,35.1542814,0,600,,,,
M2-7,128.9099233,35.13551213,1.87,M2-28-1,128.9094854,35.13553682,1.79,600,,,,
M2-70,128.9109738,35.15506761,0,SM2-72,128.9109368,35.15462518,0,600,,,,
M2-71,128.9131684,35.15244723,0,SM2-79,128.9133134,35.15191969,0,600,,,,
M2-72,128.9065442,35.15767905,0,M2-72_1,128.9065442,35.15730406,0,600,,,,
M2-73,128.9055217,35.15692918,0,M2-73_1,128.9055576,35.15730458,0,500,,,,
M2-74,128.9054781,35.1565341,0,M2-73,128.9055217,35.15692918,0,500,,,,
M2-75,128.9054318,35.15613918,0,M2-74,128.9054781,35.1565341,0,450,,,,
M2-76,128.906469,35.1567798,0,M2-76_1,128.9065084,35.157251,0,600,,,,
M2-77,128.909071,35.1566503,0,M2-77-1,128.9091089,35.15710441,0,600,,,,
M2-78,128.9090334,35.15620067,0,M2-77,128.909071,35.1566503,0,600,,,,
M2-79,128.9097076,35.15768584,0,M2-79_1,128.9096605,35.1571221,0,700,,,,
M2-8,128.9060525,35.14061336,1.49,BM25,128.9053956,35.14065038,1.1,600,,,,
M2-80,128.9097452,35.15813546,0,M2-79,128.9097076,35.15768584,0,600,,,,
M2-81,128.9099266,35.15767349,0,M2-81_1,128.9098794,35.15710976,0,700,,,,
M2-8-1,128.9089794,35.13556535,1.7,SM2-8,128.9090098,35.13518418,1.57,600,,,,
M2-82,128.9099642,35.15812311,0,M2-81,128.9099266,35.15767349,0,600,,,,
M2-83,128.9110515,35.15599653,0,SM2-80,128.9111003,35.15658059,0,600,,,,
M2-84,128.9130661,35.15623168,0,M2-68,128.9132397,35.15682598,0,600,,,,
M2-85,128.9139075,35.15870104,0,SM2-81,128.9137564,35.15817485,0,600,,,,
M2-86,128.9066644,35.15911783,0,SM2-84,128.9067015,35.15956217,0,700,,,,
M2-87,128.9066343,35.15875813,0,M2-86,128.9066644,35.15911783,0,600,,,,
M2-88,128.9063292,35.15958315,0,SM2-84,128.9067015,35.15956217,0,600,,,,
M2-89,128.9098467,35.15934944,0,BM71,128.9099035,35.15998931,0,600,,,,
M2-9,128.9059942,35.14101056,1.6,SM4-3,128.9053374,35.14104758,1.26,600,,,,
M2-90,128.9100619,35.15929213,0,SM4-14,128.9101174,35.15995647,0,600,,,,
M2-91,128.9140235,35.15973616,0,SM2-87,128.9132931,35.15977736,0,700,,,,
M2-9-1,128.9105172,35.13547862,0,M2-3,128.910046,35.13550521,0,500,,,,
M2-92,128.9140055,35.15932651,0,M2-91,128.9140235,35.15973616,0,600,,,,
M2-93,128.9139522,35.15892334,0,M2-92,128.9140055,35.15932651,0,600,,,,
M2-94,128.9120778,35.13803884,2.7,SM2-38,128.9114799,35.13853277,2.44,700,,,,
M2-95,128.909396,35.14343065,1.67,SM3-19,128.9093847,35.14329477,1.61,800,,,,
M2-991,128.9055715,35.13974365,0.96,BM24,128.9054795,35.14019724,0.46,900,,,,
M2-992,128.9056487,35.13934539,1.21,M2-991,128.9055715,35.13974365,1.11,600,,,,
M2-993,128.9058629,35.13852491,1.17,SM2-993,128.9059847,35.1378582,0.97,600,,,,
M2-996,128.9081984,35.13877885,1.84,M2-998,128.9082216,35.13945541,1.54,600,,,,
M2-997,128.9083768,35.13803188,1.02,BM12,128.9084272,35.13738913,0.72,600,,,,
M2-998,128.9082216,35.13945541,1.54,BM17,128.9082657,35.14004018,1.28,600,,,,
M2-999,128.9082,35.13859866,1.84,M2-999-1,128.9082378,35.13783411,1.34,600,,,,
M2-999-1,128.9082378,35.13783411,1.14,SM2-992,128.9082887,35.137195,0.64,800,,,,
SM2-1,128.9123041,35.13462793,0.89,SM3-3,128.9122609,35.13411116,0.73,800,,,,
SM2-10,128.9125666,35.13736027,2.23,SM3-8,128.9125145,35.13716479,2.15,800,,,,
SM2-100,128.9107671,35.14470095,1.6,SM3-21,128.9107852,35.14491663,1.47,800,,,,
SM2-101,128.9105865,35.13746689,0,SM4-8,128.9105225,35.13727716,0,1000,,,,
SM2-10-1,128.9091678,35.13320206,1.34,SM2-11-1,128.9091389,35.13356509,1.18,700,,,,
SM2-102,128.9106782,35.13919568,2.27,SM2-43,128.9108234,35.13907507,2.24,800,,,,
SM2-11,128.9127284,35.13750147,2.3,SM2-10,128.9125666,35.13736027,2.23,800,,,,
SM2-1-1,128.9137004,35.16155548,0,SM2-2-1,128.913854,35.16098334,0,800,,,,
SM2-11-1,128.9091389,35.13356509,0.98,SM3-4,128.9091099,35.13392811,0.88,900,,,,
SM2-12,128.9099104,35.13388297,1.24,SM2-12_1,128.9099314,35.13413475,1.16,700,,,,
SM2-12-1,128.9143947,35.15979653,0,SM3-9,128.9150517,35.15975946,0,800,,,,
SM2-13,128.9066468,35.13723822,1.26,SM3-991,128.9060771,35.13727034,0.92,600,,,,
SM2-13-1,128.9118245,35.13403442,0.88,SM3-3,128.9122609,35.13411116,0.78,800,,,,
SM2-14,128.9177138,35.13729976,2.18,SM2-21-1,128.9169699,35.13780359,1.66,800,,,,
SM2-15,128.9189647,35.13868727,0.8,SM2-22-1,128.9192214,35.13914834,0.51,1200,,,,
SM2-16,128.916799,35.13631003,2.04,SM2-19-1,128.9162671,35.13671442,1.81,1000,,,,
SM2-17,128.9052438,35.14184069,1.09,SM4-4,128.9052924,35.14144403,0.99,1000,,,,
SM2-17-1,128.9160145,35.13816546,0,M2-45,128.915459,35.13779197,0,1200,,,,
SM2-18,128.906118,35.14179142,1.27,SM2-17,128.9052438,35.14184069,1.09,1000,,,,
SM2-18-1,128.9160714,35.13571271,1.1,M2-27-1,128.9160473,35.13542496,0.78,1000,,,,
SM2-19,128.9067701,35.14175466,1.56,SM2-18,128.906118,35.14179142,1.47,800,,,,
SM2-19-1,128.9162671,35.13671442,1.71,SM2-20-1,128.9158587,35.1371371,1.45,1200,,,,
SM2-2,128.9123349,35.13499661,1.13,SM2-1,128.9123041,35.13462792,0.99,700,,,,
SM2-20,128.9066816,35.13680259,1,BM8,128.9061346,35.13683342,0.83,800,,,,
SM2-20-1,128.9158587,35.1371371,1.37,SM2-52,128.915448,35.13766148,1.14,1350,,,,
SM2-21,128.9067127,35.13641233,1.3,SM2-20,128.9066816,35.13680259,1.2,600,,,,
SM2-2-1,128.913854,35.16098334,0,SM2-3-1,128.9139749,35.1604062,0,900,,,,
SM2-21-1,128.9169699,35.13780359,1.66,SM2-21-1_1,128.9162119,35.13832725,1.11,800,,,,
SM2-22,128.9067345,35.13615814,0.32,BM18,128.9062843,35.13618351,0.2,800,,,,
SM2-22-1,128.9192214,35.13914834,0,SM2-22-1_1,128.9193326,35.13914996,0,1200,,,,
SM2-23,128.9073143,35.13528166,0.8,BM19,128.9064888,35.13529597,0.7,1000,,,,
SM2-23-1,128.916006,35.13536132,0.72,M2-39-1,128.9159545,35.13528177,0.66,1000,,,,
SM2-24,128.9080354,35.13526915,1,SM2-23,128.9073143,35.13528166,0.9,800,,,,
SM2-25,128.9080511,35.13507204,1.22,SM2-24,128.9080354,35.13526915,1.17,600,,,,
SM2-26,128.9080733,35.13479321,1.28,SM2-25,128.9080511,35.13507203,1.22,600,,,,
SM2-29,128.9081849,35.13339443,1.48,SM3-6,128.9082146,35.1330209,1.41,800,,,,
SM2-3,128.9113752,35.13405332,1.04,SM2-13-1,128.9118245,35.13403442,0.93,700,,,,
SM2-30,128.9071065,35.13268585,1.42,SM4-16,128.907052,35.13304834,1.32,800,,,,
SM2-31,128.9085952,35.14437703,1.31,SM3-14,128.9085501,35.14383749,1.21,1000,,,,
SM2-3-1,128.9139749,35.1604062,0,SM3-1-1,128.9140228,35.15981752,0,1000,,,,
SM2-32,128.9083851,35.13598607,0,SM2-32_1,128.9083198,35.13680554,0,1000,,,,
SM2-33,128.9084568,35.13508663,0,SM2-32,128.9083851,35.13598607,0,900,,,,
SM2-34,128.9085285,35.1341872,0,SM2-33,128.9084568,35.13508663,0,900,,,,
SM2-35,128.9085859,35.13346765,0,SM2-34,128.9085285,35.1341872,0,800,,,,
SM2-36,128.9107228,35.13774367,0,SM2-101,128.9105865,35.13746689,0,1000,,,,
SM2-37,128.9110463,35.13816093,0,SM2-36,128.9107228,35.13774367,0,800,,,,
SM2-38,128.9114799,35.13853277,0,SM2-37,128.9110463,35.13816093,0,800,,,,
SM2-4,128.9107863,35.13408653,0.85,SM3-1,128.91054,35.13410043,0.81,900,,,,
SM2-40,128.9094798,35.13862083,1.19,SM3-12,128.9089325,35.1386517,0.97,1200,,,,
SM2-41,128.9102818,35.13952246,2.35,SM2-102,128.9106782,35.13919568,2.27,800,,,,
SM2-4-1,128.9103025,35.1621697,0,SM2-5-1,128.9102574,35.16163016,0,800,,,,
SM2-42,128.91026,35.13857683,1.58,SM2-40,128.9094798,35.13862083,1.24,1100,,,,
SM2-43,128.9108234,35.13907507,2.05,SM2-42,128.91026,35.13857683,1.63,1000,,,,
SM2-44,128.9094505,35.13600498,1.09,BM26,128.9085334,35.13605671,0.74,900,,,,
SM2-45,128.91074,35.14437708,1.79,SM2-100,128.9107671,35.14470095,1.6,800,,,,
SM2-46,128.9120859,35.14160884,1.31,SM2-46_1,128.9122428,35.1417046,1.16,700,,,,
SM2-48,128.9106516,35.14068702,2.24,SM3-52,128.9106997,35.1412624,1.86,900,,,,
SM2-49,128.9129193,35.13970858,1.7,BM38,128.9134836,35.14016953,1.16,1000,,,,
SM2-5,128.9099525,35.13438655,0,SM2-5_1,128.9099314,35.13413475,0,800,,,,
SM2-50,128.914039,35.13857206,1.55,BM40,128.9144634,35.1389187,1.31,900,,,,
SM2-51,128.9136231,35.13823238,1.82,SM2-94,128.9138834,35.13844495,1.71,800,,,,
SM2-5-1,128.9102574,35.16163016,0,SM3-4-1,128.9102123,35.16109062,0,1000,,,,
SM2-52,128.915448,35.13766148,1.14,BM41,128.9153825,35.13774512,1.08,1350,,,,
SM2-53,128.9093449,35.14676679,0,BM42,128.9090164,35.14678531,0,900,,,,
SM2-54,128.9110966,35.14666799,0,SM3-26,128.9103028,35.14671276,0,800,,,,
SM2-55,128.9089494,35.14598333,0.98,BM42,128.9090164,35.14678531,0.76,1000,,,,
SM2-56,128.9088693,35.14502468,1.29,SM2-57,128.9088893,35.14526393,1.23,900,,,,
SM2-57,128.9088893,35.14526393,1.23,SM2-55,128.9089494,35.14598333,1.03,900,,,,
SM2-58,128.9093102,35.1502997,0,SM3-27,128.909235,35.14940046,0,1000,,,,
SM2-59,128.9093553,35.15083924,0,SM2-58,128.9093102,35.1502997,0,800,,,,
SM2-6,128.9100144,35.13512752,1.26,SM2-7,128.9099836,35.13475883,1.16,700,,,,
SM2-60,128.9086102,35.14455688,1.1,SM3-28,128.9086481,35.14501004,0.96,1000,,,,
SM2-61,128.9090912,35.15031205,0,SM3-29,128.909016,35.1494128,0,1000,,,,
SM2-6-1,128.919386,35.15897727,0,SM2-7-1,128.9193628,35.15890254,0,900,,,,
SM2-62,128.9091363,35.15085159,0,SM2-61,128.9090912,35.15031205,0,800,,,,
SM2-63,128.9059281,35.15030524,0,BM44,128.905873,35.14964659,0,800,,,,
SM2-64,128.9047651,35.14981431,0,SM3-31,128.9049972,35.14969687,0,800,,,,
SM2-65,128.9047127,35.15041669,0,SM2-64,128.9047651,35.14981431,0,800,,,,
SM2-66,128.9047235,35.15096043,0,SM2-65,128.9047127,35.15041669,0,700,,,,
SM2-67,128.9052284,35.15492192,0,SM3-34,128.9051672,35.15452128,0,800,,,,
SM2-68,128.9063112,35.15489138,0,BM50,128.9062751,35.15445885,0,800,,,,
SM2-69,128.9089357,35.15503166,0,SM3-37,128.9088755,35.15431227,0,1000,,,,
SM2-7,128.9099836,35.13475883,1.16,SM2-5,128.9099525,35.13438654,0.99,700,,,,
SM2-70,128.9093768,35.15372918,0,SM3-40,128.9093317,35.15318963,0,1000,,,,
SM2-71,128.909423,35.1542814,0,SM2-70,128.9093768,35.15372918,0,800,,,,
SM2-72,128.9109368,35.15462518,0,BM54,128.9109011,35.15419804,0,800,,,,
SM2-73,128.912836,35.15471885,0,BM55,128.9128491,35.15408817,0,1000,,,,
SM2-74,128.9128872,35.15534821,0,SM2-73,128.912836,35.15471885,0,800,,,,
SM2-75,128.912988,35.15315291,0,SM3-41,128.9129039,35.15359819,0,1000,,,,
SM2-76,128.9131101,35.15266743,0,SM2-75,128.912988,35.15315291,0,800,,,,
SM2-77,128.9134574,35.15122188,0,SM3-42,128.9128005,35.15125894,0,1000,,,,
SM2-78,128.9134868,35.15132243,0,SM2-77,128.9134574,35.15122188,0,800,,,,
SM2-79,128.9133134,35.15191969,0,SM2-78,128.9134868,35.15132243,0,800,,,,
SM2-8,128.9090098,35.13518418,1.47,SM2-9-1,128.9090395,35.13481207,1.3,700,,,,
SM2-80,128.9111003,35.15658059,0,BM68,128.9111368,35.15701672,0,800,,,,
SM2-81,128.9137564,35.15817485,0,SM2-82,128.9134795,35.15749067,0,900,,,,
SM2-8-1,128.9194213,35.15905304,0,SM2-6-1,128.919386,35.15897727,0,600,,,,
SM2-82,128.9134795,35.15749067,0,BM69,128.9132629,35.15689679,0,900,,,,
SM2-83,128.9067196,35.15977799,0,SM2-83_1,128.9067515,35.16016022,0,800,,,,
SM2-84,128.9067015,35.15956217,0,SM2-83,128.9067196,35.15977799,0,700,,,,
SM2-85,128.9100835,35.16218205,0,SM3-45,128.9100384,35.16164251,0,1000,,,,
SM2-86,128.9126367,35.1598144,0,SM3-47-1,128.9120884,35.15984532,0,1000,,,,
SM2-87,128.9132931,35.15977736,0,SM2-86,128.9126367,35.1598144,0,800,,,,
SM2-88,128.9129726,35.13876975,0,SM3-24,128.9123747,35.13926368,0,800,,,,
SM2-89,128.9089845,35.15561617,0,SM2-69,128.9089357,35.15503166,0,800,,,,
SM2-9,128.9124787,35.13673765,1.73,SM3-53,128.9124487,35.13637795,1.54,1100,,,,
SM2-90,128.9098949,35.13984202,2.43,SM2-41,128.9102818,35.13952246,2.35,800,,,,
SM2-91,128.91013,35.13842766,1.39,SM2-92,128.9098159,35.13795325,1.3,800,,,,
SM2-9-1,128.9090395,35.13481207,1.1,SM3-2,128.9090694,35.13443635,0.98,900,,,,
SM2-92,128.9098159,35.13795325,1.1,SM4-7,128.9095852,35.13733003,1,1000,,,,
SM2-94,128.9138834,35.13844495,1.71,SM2-50,128.914039,35.13857206,1.65,800,,,,
SM2-992,128.9082887,35.137195,0.44,SM2-992_1,128.9083148,35.13686817,0.16,1000,,,,
SM2-993,128.9059847,35.1378582,0.83,SM3-991,128.9060771,35.13727034,0.63,800,,,,
SM3-1,128.91054,35.13410043,0,SM3-1_1,128.9099314,35.13413475,0,1000,,,,
SM3-1-1,128.9140228,35.15981752,0,SM3-2-1,128.9132997,35.15985831,0,1100,,,,
SM3-12,128.9089325,35.1386517,0.89,SM4-991,128.9083525,35.13868086,0.65,1350,,,,
SM3-14,128.9085501,35.14383749,0.88,SM4-17,128.908505,35.14329794,0.8,1200,,,,
SM3-16,128.9086002,35.14180543,0.78,BM11,128.9085897,35.14167954,0.73,1350,,,,
SM3-17,128.9086788,35.14274605,0.97,SM3-60,128.908653,35.14243672,0.91,1350,,,,
SM3-18,128.9087278,35.14333181,1.11,SM3-17,128.9086788,35.14274605,0.97,1350,,,,
SM3-19,128.9093847,35.14329477,1.29,SM3-50,128.9090396,35.14331423,1.22,1200,,,,
SM3-2,128.9090694,35.13443635,0.88,SM3-2_1,128.9090897,35.13418223,0.82,1000,,,,
SM3-20,128.9114037,35.14488174,1.09,SM3-20_1,128.9119979,35.14484822,0.74,1000,,,,
SM3-21,128.9107852,35.14491663,1.37,SM3-51,128.9112209,35.14489205,1.09,1000,,,,
SM3-2-1,128.9132997,35.15985831,0,SM3-3-1,128.9126435,35.15989533,0,1200,,,,
SM3-22,128.9121849,35.14147677,0.91,SM3-22_1,128.912343,35.14157662,0.81,1100,,,,
SM3-23,128.9107245,35.14155915,1.57,SM3-47,128.9114185,35.14152,1.24,1100,,,,
SM3-24,128.9123747,35.13926368,1.94,SM2-49,128.9129193,35.13970858,1.8,900,,,,
SM3-25,128.9124938,35.1369175,1.83,SM2-9,128.9124787,35.13673765,1.74,1000,,,,
SM3-26-1,128.9138547,35.15014021,0,SM3-26_1,128.9140939,35.14937708,0,1200,,,,
SM3-26,128.9103028,35.14671276,0,SM2-53,128.9093449,35.14676679,0,900,,,,
SM3-27,128.909235,35.14940046,0,SM3-27_1,128.9091633,35.14854267,0,1200,,,,
SM3-28,128.9086481,35.14501004,0.96,BM29,128.9086526,35.14506399,0.94,1000,,,,
SM3-29,128.909016,35.1494128,0,SM3-29_1,128.9089463,35.14857884,0,1200,,,,
SM3-3,128.9122609,35.13411116,0.59,SM4-1-1,128.912822,35.13436097,0.48,1200,,,,
SM3-30,128.9054679,35.14966942,0,BM44,128.905873,35.14964659,0,1000,,,,
SM3-31,128.9049972,35.14969687,0,SM3-30,128.9054679,35.14966942,0,900,,,,
SM3-3-1,128.9126435,35.15989533,0,BM73,128.9120952,35.15992625,0,1200,,,,
SM3-32,128.905036,35.15377472,0,SM4-13,128.904984,35.15338012,0,1100,,,,
SM3-33,128.9051044,35.1541684,0,SM3-32,128.905036,35.15377472,0,1000,,,,
SM3-34,128.9051672,35.15452128,0,SM3-33,128.9051044,35.1541684,0,900,,,,
SM3-35,128.9075616,35.15438634,0,SM3-49,128.9066857,35.15443571,0,1200,,,,
SM3-36,128.9082186,35.1543493,0,SM3-35,128.9075616,35.15438634,0,1200,,,,
SM3-37,128.9088755,35.15431227,0,SM3-36,128.9082186,35.1543493,0,1000,,,,
SM3-38,128.9092415,35.15211054,0,SM3-38_1,128.9091896,35.15148925,0,1200,,,,
SM3-39,128.9092866,35.15265008,0,SM3-38,128.9092415,35.15211054,0,1200,,,,
SM3-4,128.9091099,35.13392811,0.78,SM3-4_1,128.9090897,35.13418223,0.72,1000,,,,
SM3-40,128.9093317,35.15318963,0,SM3-39,128.9092866,35.15265008,0,1200,,,,
SM3-41,128.9129039,35.15359819,0,BM55,128.9128491,35.15408817,0,1200,,,,
SM3-4-1,128.9102123,35.16109062,0,SM3-48,128.9101672,35.16055107,0,1100,,,,
SM3-42,128.9128005,35.15125894,0,BM57,128.9121435,35.151296,0,1200,,,,
SM3-43,128.9099482,35.16056341,0,SM3-43_1,128.909904,35.16003581,0,1200,,,,
SM3-44,128.9099933,35.16110296,0,SM3-43,128.9099482,35.16056341,0,1200,,,,
SM3-45,128.9100384,35.16164251,0,SM3-44,128.9099933,35.16110296,0,1100,,,,
SM3-46,128.9111029,35.1599009,0,SM4-14,128.9101174,35.15995647,0,1200,,,,
SM3-47,128.9114185,35.14152,1.24,SM3-22,128.9121849,35.14147677,0.91,1100,,,,
SM3-47-1,128.9120884,35.15984532,0,SM3-46,128.9111029,35.1599009,0,1200,,,,
SM3-48,128.9101672,35.16055107,0,BM72,128.9101242,35.1600374,0,1200,,,,
SM3-49,128.9066857,35.15443571,0,BM50,128.9062751,35.15445885,0,1200,,,,
SM3-5,128.9076048,35.13303529,1.18,SM4-16,128.907052,35.13304834,1.11,1100,,,,
SM3-50,128.9090396,35.14331423,1.22,SM3-18,128.9087278,35.14333181,1.16,1200,,,,
SM3-51,128.9112209,35.14489205,1.17,SM3-20,128.9114037,35.14488174,1.09,1000,,,,
SM3-52,128.9106997,35.1412624,1.86,SM3-23,128.9107245,35.14155915,1.67,900,,,,
SM3-53,128.9124487,35.13637795,1.54,SM4-2,128.9124355,35.13622058,1.45,1100,,,,
SM3-6,128.9082146,35.1330209,1.31,SM3-5,128.9076048,35.13303529,1.23,1000,,,,
SM3-60,128.908653,35.14243672,0.91,SM3-16,128.9086002,35.14180544,0.78,1350,,,,
SM3-6-1,128.9135805,35.151013,0,SM3-26,128.9138547,35.15014021,0,1200,,,,
SM3-7,128.9133821,35.13578319,0.53,BM78,128.9135417,35.13570628,0.45,1350,,,,
SM3-8,128.9125145,35.13716479,1.95,SM3-25,128.9124938,35.1369175,1.83,1000,,,,
SM3-9,128.9150517,35.15975946,0,BM6-1,128.915928,35.15970968,0,1200,,,,
SM3-991,128.9060771,35.13727034,0.46,SM3-991_1,128.9061114,35.13699691,0.36,1200,,,,
SM4-1,128.9124036,35.1358384,0.93,SM3-7,128.9133821,35.13578319,0.45,1350,,,,
SM4-10,128.9048581,35.15183323,0,SM4-10_1,128.9048519,35.15175904,0,1200,,,,
SM4-100,128.9066367,35.13466047,0.61,BM19,128.9064888,35.13529597,0.42,1350,,,,
SM4-101,128.9067902,35.13413469,0.76,SM4-100,128.9066367,35.13466047,0.61,1350,,,,
SM4-11,128.904862,35.15260097,0,SM4-9,128.9048363,35.15221392,0,1200,,,,
SM4-1-1,128.912822,35.13436097,0,SM4-1-1_1,128.9128777,35.13427257,0,1200,,,,
SM4-12,128.9049275,35.15298577,0,SM4-11,128.904862,35.15260097,0,1200,,,,
SM4-13,128.904984,35.15338012,0,SM4-12,128.9049275,35.15298577,0,1200,,,,
SM4-14,128.9101174,35.15995647,0,BM72,128.9101242,35.1600374,0,1200,,,,
SM4-15,128.9098041,35.13731769,0,SM4-7,128.9095852,35.13733003,0,1200,,,,
SM4-16,128.907052,35.13304834,1.06,SM4-5,128.906968,35.13341242,1,1200,,,,
SM4-17,128.908505,35.14329794,0.72,BM9,128.9084599,35.14275839,0.64,1350,,,,
SM4-2,128.9124355,35.13622058,1.45,SM4-1,128.9124036,35.1358384,1.26,1100,,,,
SM4-3,128.9053374,35.14104758,0.59,BM25,128.9053956,35.14065038,0.45,1350,,,,
SM4-30,128.9086996,35.13737997,0.32,BM12,128.9084272,35.13738913,0.18,1350,,,,
SM4-4,128.9052924,35.14144403,0.79,SM4-3,128.9053374,35.14104758,0.66,1200,,,,
SM4-5,128.906968,35.13341242,0.92,SM4-101,128.9067902,35.13413469,0.76,1350,,,,
SM4-7,128.9095852,35.13733003,0.78,SM4-30,128.9086996,35.13737997,0.32,1350,,,,
SM4-8,128.9105225,35.13727716,1.16,SM4-15,128.9098041,35.13731769,0.92,1200,,,,
SM4-9,128.9048363,35.15221392,0,SM4-10,128.9048581,35.15183323,0,1200,,,,
SM4-991,128.9083525,35.13868086,0.65,BM991,128.9083672,35.13934542,0.45,1350,,,,
PUMP01,128.9099392,35.14341547,-1.47,PUMP01_1,128.9099362,35.1433795,-1.47,300,,,,
PUMP01_1,128.9099362,35.1433795,-1.47,PUMP01_2,128.9098335,35.14330602,-1.47,300,,,,
PUMP01_2,128.9098335,35.14330602,-1.47,PUMP01_3,128.9098309,35.14327413,-1.47,300,,,,
PUMP01_3,128.9098309,35.14327413,-1.47,PUMP01_4,128.9094671,35.14329464,2.41,300,,,,
PUMP01_4,128.9094671,35.14329464,2.41,SM3-19,128.9093847,35.14329477,2.41,300,,,,
PUMP02,128.9101144,35.14340559,-1.47,PUMP02_1,128.9101114,35.14336962,-1.47,300,,,,
PUMP02_1,128.9101114,35.14336962,-1.47,PUMP02_2,128.9102008,35.14328531,-1.47,300,,,,
PUMP02_2,128.9102008,35.14328531,-1.47,PUMP02_3,128.9101981,35.14325342,-1.47,300,,,,
PUMP02_3,128.9101981,35.14325342,-1.47,PUMP02_4,128.9105619,35.1432329,3.14,300,,,,
PUMP02_4,128.9105619,35.1432329,3.14,M2-36,128.9106418,35.14320129,2.54,300,,,,
PUMP03,128.9096865,35.14140538,-1.47,PUMP03_1,128.9096895,35.14144135,-1.47,300,,,,
PUMP03_1,128.9096895,35.14144135,-1.47,PUMP03_2,128.9096548,35.14147402,-1.47,300,,,,
PUMP03_2,128.9096548,35.14147402,-1.47,M1-66,128.9096669,35.14161879,1.98,300,,,,
PUMP04,128.9122683,35.13851423,-1.47,PUMP04_01,128.9122993,35.13848866,-1.47,300,,,,
PUMP04_01,128.9122993,35.13848866,-1.47,PUMP04_02,128.9122988,35.13834463,-1.47,300,,,,
PUMP04_02,128.9122988,35.13834463,-1.47,PUMP04_03,128.9123751,35.13828164,-1.47,300,,,,
PUMP04_03,128.9123751,35.13828164,-1.47,M2-94,128.9120778,35.13803884,3.66,300,,,,
PUMP05,128.9123928,35.13861592,-1.47,PUMP05_01,128.9124238,35.13859036,-1.47,300,,,,
PUMP05_01,128.9124238,35.13859036,-1.47,PUMP05_02,128.9125991,35.13858995,-1.47,300,,,,
PUMP05_02,128.9125991,35.13858995,-1.47,PUMP05_03,128.9126754,35.13852696,-1.47,300,,,,
PUMP05_03,128.9126754,35.13852696,-1.47,SM2-88,128.9129726,35.13876975,2.96,300,,,,
